HPO编码,标准名称（英文）,定义（英文）,标准名称（中文）,定义（中文）
HP:0000284,obsolete Abnormality of the ocular region,,,
HP:0000361,obsolete Pulsatile tinnitus (tympanic paraganglioma),,,
HP:0000368,"obsolete Low-set, posteriorly rotated ears",,,
HP:0000487,obsolete Congenital strabismus,,,
HP:0000489,obsolete Abnormality of globe location or size,,,
HP:0000535,obsolete Sparse and thin eyebrow,,,
HP:0000547,obsolete Tapetoretinal degeneration,,,
HP:0000611,obsolete Choroid coloboma,,,
HP:0000655,obsolete Vitreoretinal degeneration,,,
HP:0000720,obsolete Mood swings,,,
HP:0000735,obsolete Impaired social interactions,,,
HP:0000833,obsolete Glucose intolerance,,,
HP:0000923,obsolete Beaded ribs,,,
HP:0000976,obsolete Eczematoid dermatitis,,,
HP:0001002,obsolete Decreased subcutaneous fat,,,
HP:0001006,obsolete Hypotrichosis,,,
HP:0001011,obsolete Diaphoresis (with pheochromocytoma),,,
HP:0001113,obsolete Early cataracts,,,
HP:0001122,obsolete Aplasia/Hypoplasia of the choroid,,,
HP:0001145,obsolete Chorioretinopathy,,,
HP:0001146,obsolete Pigmentary retinal degeneration,,,
HP:0001150,obsolete Choroidal sclerosis,,,
HP:0001163,obsolete Abnormality of the metacarpal bones,,,
HP:0001180,obsolete Hand oligodactyly,,,
HP:0001226,obsolete Acral ulceration and osteomyelitis leading to autoamputation of digits,,,
HP:0001322,obsolete Brain very small,,,
HP:0001379,obsolete Degenerative joint disease,,,
HP:0001380,obsolete Ligamentous laxity,,,
HP:0001388,obsolete Joint laxity,,,
HP:0001400,obsolete Hepatic abscesses due to immunodeficiency,,,
HP:0001425,obsolete Heterogeneous,,,
HP:0001428,obsolete Somatic mutation,,,
HP:0001444,obsolete Autosomal dominant somatic cell mutation,,,
HP:0001452,obsolete Autosomal dominant contiguous gene syndrome,,,
HP:0001472,obsolete Familial predisposition,,,
HP:0001487,obsolete Hypopigmented fundi,,,
HP:0001575,obsolete Mood changes,,,
HP:0001587,obsolete Primary ovarian failure,,,
HP:0001606,obsolete Vocal cord paralysis (caused by tumor impingement),,,
HP:0001613,obsolete Hoarse voice (caused by tumor impingement),,,
HP:0001673,obsolete Tachycardia (with pheochromocytoma),,,
HP:0001675,obsolete Rhythm disturbances associated with pheochromocytoma,,,
HP:0001676,obsolete Palpitations (with pheochromocytoma),,,
HP:0001724,obsolete Aortic dilatation,,,
HP:0001726,obsolete Increased prevalence of valvular disease,,,
HP:0001862,obsolete Acral ulceration and osteomyelitis leading to autoamputation of the digits (feet),,,
HP:0002109,obsolete Abnormality of the bronchi,,,
HP:0002111,obsolete Restrictive deficit on pulmonary function testing,,,
HP:0002189,obsolete Excessive daytime sleepiness,,,
HP:0002229,obsolete Alopecia areata,,,
HP:0002271,obsolete Autonomic dysregulation,,,
HP:0002281,obsolete Gray matter heterotopias,,,
HP:0002355,obsolete Difficulty walking,,,
HP:0002357,obsolete Dysphasia,,,
HP:0002377,obsolete Paraganglioma-related cranial nerve palsy,,,
HP:0002459,obsolete Dysautonomia,,,
HP:0002564,obsolete Malformation of the heart and great vessels,,,
HP:0002622,obsolete Dissecting aortic dilatation,,,
HP:0002631,obsolete Dilatation of ascending aorta,,,
HP:0002648,obsolete Abnormality of calvarial morphology,,,
HP:0002695,"obsolete Symmetrical, oval parietal bone defects",,,
HP:0002744,obsolete Bilateral cleft lip and palate,,,
HP:0002755,obsolete Osteomyelitis due to immunodeficiency,,,
HP:0002773,obsolete Small vertebral bodies,,,
HP:0002845,obsolete Increased proportion of peripheral CD3+ T cells,,,
HP:0002880,obsolete Respiratory difficulties,,,
HP:0002924,obsolete Decreased circulating aldosterone level,,,
HP:0002997,obsolete Abnormality of the ulna,,,
HP:0003114,obsolete Abnormal cardiological findings,,,
HP:0003116,obsolete Abnormal echocardiogram,,,
HP:0003295,obsolete Impaired FSH and LH secretion,,,
HP:0003335,obsolete Low gonadotropins (secondary hypogonadism),,,
HP:0003340,obsolete Abnormal dermatological laboratory findings,,,
HP:0003421,obsolete Platyspondyly (childhood),,,
HP:0003464,obsolete Abnormal cholesterol homeostasis,,,
HP:0003490,obsolete Defective dehydrogenation of isovaleryl CoA and butyryl CoA,,,
HP:0003494,"obsolete Loss of heterozygosity, multiple chromosomes",,,
HP:0003553,obsolete Cellulitis due to immunodeficiency,,,
HP:0003683,obsolete Large beaked nose,,,
HP:0003741,obsolete Congenital muscular dystrophy,,,
HP:0003783,obsolete Externally rotated/abducted legs,,,
HP:0003975,obsolete Chevron-shaped/cone-shaped radius,,,
HP:0004038,obsolete Bony spicule of ulnar epiphyseal plate,,,
HP:0004066,obsolete Laterally deviated thumb phalanges,,,
HP:0004083,obsolete Laterally deviated terminal thumb phalanx,,,
HP:0004090,obsolete Advanced maturation/advanced ossification of terminal thumb phalanx epiphysis,,,
HP:0004110,obsolete Radially deviated index finger phalanges,,,
HP:0004121,obsolete Radially displaced proximal index finger phalanx,,,
HP:0004138,obsolete Metaphyseal abnormality of middle phalanx of the 2nd finger,,,
HP:0004139,obsolete Flared metaphysis of middle phalanx of index finger,,,
HP:0004143,obsolete Radially deviated terminal index finger phalanx,,,
HP:0004144,obsolete Duplication of terminal index finger phalanx,,,
HP:0004153,obsolete Overgrowth of middle finger,,,
HP:0004157,obsolete Accessory middle-finger phalanges,,,
HP:0004161,obsolete Periosteal new bone of middle finger phalanges,,,
HP:0004162,obsolete Radially pointed middle finger phalanges,,,
HP:0004168,obsolete Radially pointed proximal middle-finger phalanx,,,
HP:0004174,obsolete Accessory middle phalanx of middle finger,,,
HP:0004175,obsolete Periosteal new bone of middle phalanx of middle-finger,,,
HP:0004183,obsolete Abnormality of the epiphyses of the terminal phalanx of the middle finger,,,
HP:0004184,obsolete Cone-shaped epiphysis of terminal phalanx of the middle finger,,,
HP:0004185,obsolete Fused epiphysis of terminal phalanx of the middle finger,,,
HP:0004186,obsolete Large epiphysis of terminal phalanx of the middle finger,,,
HP:0004187,obsolete Prematurely fused epiphysis of terminal phalanx of the middle finger,,,
HP:0004192,obsolete Bracket epiphyses of the 4th finger,,,
HP:0004193,obsolete Expanded phalanges of the ring finger,,,
HP:0004194,obsolete Hypoplastic phalanges of the ring finger,,,
HP:0004196,obsolete Short phalanges of the ring finger,,,
HP:0004198,obsolete Wide/broad phalanges of the ring finger,,,
HP:0004201,obsolete Expanded proximal phalanx of the ring finger,,,
HP:0004202,obsolete Lytic defects of the proximal phalanx of the ring finger,,,
HP:0004203,obsolete Short proximal phalanx of the ring finger,,,
HP:0004355,obsolete Abnormality of proteoglycan metabolism,,,
HP:0004367,obsolete Abnormality of glycoprotein metabolism,,,
HP:0004478,obsolete Ethmoidal encephalocele,,,
HP:0004495,obsolete Thin anteverted nares,,,
HP:0004496,obsolete Posterior choanal atresia,,,
HP:0004544,obsolete Pointed frontal hairline,,,
HP:0004759,obsolete Nodular calcific aortic valve disease,,,
HP:0004760,obsolete Congenital septal defect,,,
HP:0004782,obsolete Hypotrichosis of the scalp,,,
HP:0004928,obsolete Peripheral arterial stenosis,,,
HP:0004929,obsolete Coronary atherosclerosis,,,
HP:0004953,obsolete Dilatation of abdominal aorta,,,
HP:0004954,obsolete Dilatation of the descending aorta,,,
HP:0004986,obsolete Rudimentary to absent fibulae,,,
HP:0005099,obsolete Severe hydrops fetalis,,,
HP:0005111,obsolete Dilatation of the ascending aorta,,,
HP:0005114,obsolete Abnormalities of the peripheral arteries,,,
HP:0005130,obsolete Restrictive heart failure,,,
HP:0005141,obsolete Episodes of ventricular tachycardia,,,
HP:0005173,obsolete Calcific aortic valve stenosis,,,
HP:0005296,obsolete Occlusive vascular disease,,,
HP:0005298,obsolete Atrioventricular canal defect with right ventricle aorta and pulmonary atresia,,,
HP:0005299,obsolete Premature peripheral vascular disease,,,
HP:0005309,obsolete Peripheral vascular insufficiency,,,
HP:0005315,obsolete Peripheral artery occlusive disease,,,
HP:0005364,obsolete Severe viral infections,,,
HP:0005375,obsolete Partial cellular immunodeficiency,,,
HP:0005379,obsolete Severe T lymphocytopenia,,,
HP:0005397,obsolete Exaggerated cellular immune processes,,,
HP:0005402,obsolete Primary T-lymphocyte immune abnormalities,,,
HP:0005409,obsolete Markedly reduced T cell function,,,
HP:0005549,obsolete Congenital neutropenia,,,
HP:0005692,obsolete Joint hyperflexibility,,,
HP:0005744,obsolete Generalized osteoporosis with pathologic fractures,,,
HP:0005794,obsolete Arterial disease of legs,,,
HP:0005833,obsolete Joint swelling onset late infancy,,,
HP:0005834,obsolete Thumbs hypo/aplastic,,,
HP:0005837,obsolete Joint dislocations in young adult,,,
HP:0005899,obsolete Metaphyseal dysostosis,,,
HP:0005901,obsolete Chronic recurrent multifocal osteomyelitis,,,
HP:0005921,obsolete Abnormal ossification of hand bones,,,
HP:0005952,obsolete Decreased pulmonary function,,,
HP:0005984,obsolete Elevated maternal serum alpha-fetoprotein,,,
HP:0006069,obsolete Severe carpal ossification delay,,,
HP:0006153,obsolete Disharmonious carpal bone,,,
HP:0006158,obsolete Finger joint hyperextensibility,,,
HP:0006187,obsolete Fusion of midphalangeal joints,,,
HP:0006504,obsolete Anomaly of the limb diaphyses morphology,,,
HP:0006525,obsolete Lung segmentation defects,,,
HP:0006541,obsolete Chronic obstructive airway disease from birth,,,
HP:0006830,obsolete Severe neonatal hypotonia in males,,,
HP:0006877,"obsolete Mental retardation, in some",,,
HP:0006893,obsolete Severely dysplastic cerebellum,,,
HP:0006901,obsolete Impaired thermal sensitivity,,,
HP:0006919,"obsolete Abnormal aggressive, impulsive or violent behavior",,,
HP:0006926,obsolete Metachromatic leukodystrophy variant,,,
HP:0006957,obsolete Loss of ability to walk,,,
HP:0006983,obsolete Slowly progressive spastic quadriparesis,,,
HP:0006984,obsolete Distal sensory loss of all modalities,,,
HP:0007081,obsolete Late-onset muscular dystrophy,,,
HP:0007087,obsolete Involuntary jerking movements,,,
HP:0007095,obsolete Frontoparietal polymicrogyria,,,
HP:0007163,obsolete Corticospinal tract disease in lower limbs,,,
HP:0007227,obsolete Macrogyria,,,
HP:0007314,obsolete White matter neuronal heterotopia,,,
HP:0007316,obsolete Involuntary writhing movements,,,
HP:0007409,"obsolete Absence of subcutaneous fat over entire body except buttocks, hips, and thighs",,,
HP:0007435,obsolete Diffuse palmoplantar keratoderma,,,
HP:0007436,obsolete Hair-nail ectodermal dysplasia,,,
HP:0007519,obsolete Lack of subcutaneous fatty tissue,,,
HP:0007548,obsolete Palmoplantar keratosis with erythema and scale,,,
HP:0007561,obsolete Telangiectases in sun-exposed and nonexposed skin,,,
HP:0007597,obsolete Congenital palmoplantar keratodermia,,,
HP:0007654,obsolete Retinal striation,,,
HP:0007659,obsolete Decreased retinal pigmentation with dispersion,,,
HP:0007691,obsolete Short curly eyelashes,,,
HP:0007692,obsolete Nonnuclear polymorphic congenital cataract,,,
HP:0007698,obsolete Retinal pigment epithelial atrophy,,,
HP:0007702,obsolete Pigmentary retinal deposits,,,
HP:0007712,obsolete Choroidal dystrophy,,,
HP:0007713,obsolete Juvenile zonular cataracts,,,
HP:0007736,obsolete Pericentral retinal dystrophy,,,
HP:0007739,obsolete Mildly reduced visual acuity,,,
HP:0007744,obsolete Iridoretinal coloboma,,,
HP:0007748,obsolete Irido-fundal coloboma,,,
HP:0007756,obsolete Slitlike anterior chamber angles in children,,,
HP:0007757,obsolete Hypoplasia of choroid,,,
HP:0007758,obsolete Congenital visual impairment,,,
HP:0007782,obsolete Peripheral retinal cone degeneration,,,
HP:0007783,obsolete Butterfly retinal pigment epithelial dystrophy,,,
HP:0007786,obsolete Lacunar retinal depigmentation,,,
HP:0007798,obsolete Foveal dystrophy,,,
HP:0007801,obsolete Fishnet retinal pigmentation,,,
HP:0007808,obsolete Bilateral retinal coloboma,,,
HP:0007810,obsolete Progressive bifocal chorioretinal atrophy,,,
HP:0007825,obsolete Cataracts develop in second or third decade,,,
HP:0007829,obsolete Diffuse retinal cone degeneration,,,
HP:0007851,obsolete Temporal displacement of maculae,,,
HP:0007852,obsolete Pericentral pigmentary retinopathy,,,
HP:0007868,obsolete Age-related macular degeneration,,,
HP:0007869,obsolete Peripheral retinopathy,,,
HP:0007876,obsolete Juvenile cortical cataract,,,
HP:0007893,obsolete Progressive retinal degeneration,,,
HP:0007901,obsolete Retinal malformation,,,
HP:0007910,obsolete Nonprogressive congenital retinal dystrophy,,,
HP:0007916,obsolete Small anterior lens surface opacities,,,
HP:0007920,obsolete Congenital chorioretinal dystrophy,,,
HP:0007923,obsolete Foveal hyperplasia,,,
HP:0007930,obsolete Prominent epicanthal folds,,,
HP:0007945,obsolete Choroidal degeneration,,,
HP:0007949,obsolete Progressive macular scarring,,,
HP:0007956,obsolete Bilateral choroid coloboma,,,
HP:0007961,obsolete Rarefaction of retinal pigmentation,,,
HP:0007981,obsolete Concentric narrowing of visual field,,,
HP:0007982,obsolete Central tapetoretinal dystrophy,,,
HP:0008005,obsolete Congenital corneal dystrophy,,,
HP:0008008,obsolete Progressive central visual loss,,,
HP:0008012,obsolete Congenital myopia,,,
HP:0008017,obsolete Depigmented lesions of the retinal pigment epithelium,,,
HP:0008024,obsolete Congenital nuclear cataract,,,
HP:0008033,obsolete Congenital exotropia,,,
HP:0008036,obsolete Rod-cone dystrophy,,,
HP:0008051,obsolete Abnormality of the retinal pigment epithelium,,,
HP:0008075,obsolete Progressive pes cavus,,,
HP:0008230,obsolete Decreased testosterone in males,,,
HP:0008250,obsolete Infantile hypercalcemia,,,
HP:0008335,obsolete Renal aminoaciduria,,,
HP:0008356,obsolete Combined hyperlipidemia,,,
HP:0008498,obsolete No permanent dentition,,,
HP:0008501,obsolete Median cleft lip and palate,,,
HP:0008572,obsolete External ear malformation,,,
HP:0008636,obsolete Lobular glomerulopathy,,,
HP:0008694,obsolete Hypertrophic labia minora,,,
HP:0008803,obsolete Narrow sacroiliac notch,,,
HP:0008826,obsolete Dislocation of the femoral head,,,
HP:0009042,obsolete Marked muscular hypertrophy,,,
HP:0009044,obsolete Hypoplasia of deltoid muscle,,,
HP:0009090,obsolete Facial diplegic appearance,,,
HP:0009163,obsolete Abnormal form of the 5th finger,,,
HP:0009448,obsolete Aplasia of the phalanges of the 3rd finger,,,
HP:0009449,obsolete Hypoplastic/small phalanges of the 3rd finger,,,
HP:0009595,obsolete Occasional neurofibromas,,,
HP:0009620,obsolete Radial deviation of the thumb,,,
HP:0009621,obsolete Ulnar deviation of the thumb,,,
HP:0009885,obsolete Prenatal short stature,,,
HP:0010457,obsolete Widening of the sacrosciatic notch,,,
HP:0010692,obsolete 2-5 finger syndactyly,,,
HP:0010700,obsolete Total cataract,,,
HP:0010905,obsolete Abnormality of histidine metabolism,,,
HP:0010928,obsolete Increased urinary orotic acid concentration,,,
HP:0010960,obsolete Bronchopulmonary sequestration,,,
HP:0010961,obsolete Intralobar sequestration,,,
HP:0010962,obsolete Extralobar sequestration,,,
HP:0010985,obsolete Gonosomal inheritance,,,
HP:0011016,obsolete Abnormality of urine glucose concentration,,,
HP:0011148,obsolete Absence seizures with special features,,,
HP:0011155,obsolete Focal autonomic seizures with altered responsiveness,,,
HP:0011156,obsolete Focal autonomic seizures without altered responsiveness,,,
HP:0011162,obsolete Psychic auras,,,
HP:0011164,obsolete Vegetative auras,,,
HP:0011349,obsolete Abducens palsy,,,
HP:0011357,obsolete Abnormality of hair density,,,
HP:0011398,obsolete Central hypotonia,,,
HP:0011498,obsolete Partial aniridia,,,
HP:0011606,obsolete Transposition of the great arteries with intact ventricular septum,,,
HP:0011607,obsolete Transposition of the great arteries with ventricular septal defect,,,
HP:0011765,obsolete Ectopic anterior pituitary,,,
HP:0012140,obsolete Abnormality of cells of the lymphoid lineage,,,
HP:0012201,obsolete Reduced prothrombin activity,,,
HP:0012290,obsolete Mouth neoplasm,,,
HP:0012291,obsolete Tracheal neoplasm,,,
HP:0012336,obsolete Reduced cerebrospinal fluid 5-methyltetrahydrofolate concentration,,,
HP:0012369,obsolete Abnormal malar bone morphology,,,
HP:0012374,obsolete Abnormal globe morphology,,,
HP:0012455,obsolete Large artery calcification,,,
HP:0012611,obsolete Increased urinary urate,,,
HP:0012677,obsolete Iron accumulation in globus pallidus,,,
HP:0100492,obsolete Joint contractures involving the joints of the feet,,,
HP:0100609,obsolete Hypermenorrhea,,,
HP:0100637,obsolete Neoplasia of the nose,,,
HP:0100805,obsolete Precocious menopause,,,
HP:0100843,obsolete Glioblastoma,,,
HP:0200095,obsolete Anterior open bite,,,
HP:0200099,obsolete Peripheral retinal pigmentation abnormalities,,,
HP:0200126,obsolete Amyloid cardiomyopathy,,,
HP:0200129,obsolete Calcific mitral stenosis,,,
HP:0200135,obsolete Macrocephaly due to hydrocephalus,,,
HP:0200144,obsolete Anaphylactoid purpura,,,
HP:3000001,obsolete Abnormal heart morphology,,,
HP:3000026,obsolete Abnormality of common carotid artery plus branches,,,
HP:6001030,obsolete Peripheral nerve metachromasia,,,
