gate_id,category,source_authority,original_object,engineering_baseline_requirement,current_state,evidence_state,evidence_reference,clinical_dependency,required_for_engineering_freeze,blocker_classification,resolution_required,deferred_destination,notes
EB-BUILD-CI,build_test,NC_CLOSE_03; PHASE_A_CI_MVP,PHASE_A_ENGINEERING_BASELINE,Phase A CI MVP continues to protect the non-clinical engineering build,SATISFIED,CI_VERIFIED,NC-CLOSE-03; run 32093894830,false,true,NON_BLOCKING_DURABLE_DEBT,false,none,CI success is not runtime success and not engineering freeze PASS
EB-A2-WORKUP,runtime_startup,NC_CLOSE_05; A2_BASELINE,PHASE_A_ENGINEERING_BASELINE,workup-planner-service startup evidence,UNSATISFIED,DOCUMENTED,NC-CLOSE-05; GAP-A2-WORKUP,false,true,ENGINEERING_FREEZE_BLOCKER,true,none,FAIL_CURRENT_IMPLEMENTATION missing ServiceException; do not manufacture PASS
EB-A2-DIAG-ENGINE,runtime_startup,NC_CLOSE_05; A2_BASELINE,PHASE_A_ENGINEERING_BASELINE,diagnosis-engine-service import/startup evidence,UNSATISFIED,DOCUMENTED,NC-CLOSE-05; GAP-A2-DIAG-ENGINE,false,true,ENGINEERING_FREEZE_BLOCKER,true,none,FAIL_CURRENT_IMPLEMENTATION undeclared jinja2; ACCOUNTING_COMPLETE != ALL_RUNTIME_PASS
EB-A2-OCR,runtime_startup,NC_CLOSE_05; A2_BASELINE,PHASE_A_ENGINEERING_BASELINE,ocr-service import/startup evidence,UNSATISFIED,DOCUMENTED,NC-CLOSE-05; GAP-A2-OCR,false,true,ENGINEERING_FREEZE_BLOCKER,true,none,FAIL_CURRENT_IMPLEMENTATION OpenCV/NumPy ABI; do not manufacture PASS
EB-A2-DIALOG,runtime_startup,NC_CLOSE_05; A7_NC_CONTAINMENT,PHASE_A_ENGINEERING_BASELINE,dialog-service startup evidence with A7-NC legacy containment,UNSATISFIED,DOCUMENTED,NC-CLOSE-05; GAP-A2-DIALOG,false,true,REQUIRES_RESCOPE_EXIT_JUDGMENT,false,none,LegacyLLMDisabledError may be fail-closed containment; do not reopen A7-NC
EB-CONTRACTS-V1,contracts,A5; NC_CLOSE_02,PHASE_A_ENGINEERING_BASELINE,Shared Contracts v1 structure and bindings exist,SATISFIED,DOCUMENTED,contracts/v1; NC-CLOSE-02,false,true,NON_BLOCKING_DURABLE_DEBT,false,none,BINDING_CREATED != JAVA_RUNTIME_MIGRATED
EB-CONTRACT-RUNTIME-MIG,contracts,NC_CLOSE_02; GAP-CONTRACT-RUNTIME,PHASE_A_ENGINEERING_BASELINE,legacy Feign FastAPI frontend types remain parallel to v1 bindings,PARTIALLY_VALIDATED,DOCUMENTED,GAP-CONTRACT-RUNTIME,false,false,POST_FREEZE_IMPLEMENTATION_DEBT,false,post_engineering_freeze,Do not migrate runtimes in RESCOPE-01
EB-CAPABILITY-STRUCTURAL,capability,A6; capability_manifest,PHASE_A_ENGINEERING_BASELINE,adult_respiratory_v1 remains a structural package only,PARTIALLY_VALIDATED,CODE_CONFIRMED,capabilities/adult_respiratory_v1/manifest.yaml,true,true,NON_BLOCKING_DURABLE_DEBT,false,none,STRUCTURAL_CAPABILITY_PACKAGE; DESIGN_REFERENCE_ONLY; CLINICAL_ACTIVATION_DEFERRED; do not upgrade lifecycle
EB-A65-GOVERNANCE,governance,A6_5_NONADOPT; A6_5_EXIT,PHASE_A_ENGINEERING_BASELINE,A6.5 legacy governance closed; non-adoption Exit preserved,SATISFIED,DOCUMENTED,A6.5 Exit; PR38,false,true,NON_BLOCKING_DURABLE_DEBT,false,none,PASS_LEGACY_GOVERNANCE_ONLY != A6 COMPLETE
EB-A7-NC,model_runtime,A7_NC_EXIT,PHASE_A_ENGINEERING_BASELINE,A7-NC Model Runtime boundary remains COMPLETE CLOSED STABLE,SATISFIED,DOCUMENTED,A7-NC Exit,false,true,NON_BLOCKING_DURABLE_DEBT,false,none,Do not reopen A7-NC semantics
EB-A7-ENGINEERING,model_runtime,RESCOPE_01; A7_NC_EXIT,PHASE_A_ENGINEERING_BASELINE,A7-ENGINEERING is an alias of A7-NC COMPLETE,SATISFIED,DOCUMENTED,RESCOPE-01 amendment section 9,false,true,NON_BLOCKING_DURABLE_DEBT,false,none,A7-ENGINEERING COMPLETE != A7 COMPLETE
EB-ADR-COVERAGE,adr,NC_CLOSE_01A; NC_CLOSE_01B; NC_CLOSE_01C,PHASE_A_ENGINEERING_BASELINE,NC-CLOSE-01 ADR decision coverage remains COMPLETE,SATISFIED,DOCUMENTED,NC-CLOSE-01A/B/C,false,true,NON_BLOCKING_DURABLE_DEBT,false,none,Decision coverage != implementation authorization
EB-NC03-CI,ci,NC_CLOSE_03,PHASE_A_ENGINEERING_BASELINE,CI MVP remains MERGED_AND_VERIFIED for engineering baseline protection,SATISFIED,CI_VERIFIED,NC-CLOSE-03,false,true,NON_BLOCKING_DURABLE_DEBT,false,none,Does not authorize Frozen Baseline or production
EB-NC04-WORKFLOW,workflow_trace,NC_CLOSE_04; NC_CLOSE_07,PHASE_A_ENGINEERING_BASELINE,Workflow evidence remains as historically recorded,PARTIALLY_VALIDATED,DOCUMENTED,NC-CLOSE-04 verification report; NC-CLOSE-07,false,true,REQUIRES_RESCOPE_EXIT_JUDGMENT,false,none,Do not write NC-CLOSE-04 VERIFIED or COMPLETE
EB-NC04-TRACE,workflow_trace,NC_CLOSE_04; NC_CLOSE_07,PHASE_A_ENGINEERING_BASELINE,Trace remains PARTIALLY_VALIDATED,PARTIALLY_VALIDATED,DOCUMENTED,NC-CLOSE-04; GAP-NC04-TRACE-DEBT,false,true,REQUIRES_RESCOPE_EXIT_JUDGMENT,false,none,Historical NC Exit preserved; do not upgrade evidence labels
EB-NC05-ACCOUNTING,runtime_accounting,NC_CLOSE_05,PHASE_A_ENGINEERING_BASELINE,Runtime evidence accounting remains complete as accounting only,SATISFIED,DOCUMENTED,NC-CLOSE-05,false,true,NON_BLOCKING_DURABLE_DEBT,false,none,ACCOUNTING_COMPLETE != ALL_RUNTIME_PASS != RUNTIME_VERIFIED
EB-NC06-RECONCILIATION,reconciliation,NC_CLOSE_06,PHASE_A_ENGINEERING_BASELINE,Integration reconciliation and E2E design remain as recorded,SATISFIED,DOCUMENTED,NC-CLOSE-06,false,true,NON_BLOCKING_DURABLE_DEBT,false,none,Design/reconciliation != clinical E2E execution
EB-NC-CLOSURE-EXIT,nc_closure,NC_CLOSE_07,PHASE_A_ENGINEERING_BASELINE,PHASE_A_NC_CLOSURE_EXIT remains PASS,SATISFIED,DOCUMENTED,NC-CLOSE-07 Exit Record,false,true,NON_BLOCKING_DURABLE_DEBT,false,none,NC Exit != A11 PASS != ENGINEERING_FROZEN_BASELINE
EB-PROVIDER-ZERO,provider_phi,A7_NC; A7_CL_01; RESCOPE_01,PHASE_A_ENGINEERING_BASELINE,real provider remains 0 / FORBIDDEN,SATISFIED,DOCUMENTED,A7-NC Exit; A7-CL-01,false,true,NON_BLOCKING_DURABLE_DEBT,false,none,Fake/offline/synthetic only
EB-PHI-ZERO,provider_phi,A7_NC; A7_CL_01; RESCOPE_01,PHASE_A_ENGINEERING_BASELINE,PHI and real patient data remain 0,SATISFIED,DOCUMENTED,A7-NC Exit; A7-CL-01,false,true,NON_BLOCKING_DURABLE_DEBT,false,none,non-PHI only
EB-A7CL-EXCLUSION,clinical_exclusion,A7_CL_01; RESCOPE_01,ORIGINAL_PHASE_A_FROZEN_BASELINE,A7-CL remains outside the engineering object,DEFERRED_OUT_OF_BASELINE,DOCUMENTED,A7-CL-01; RESCOPE-01,true,false,CLINICAL_ONLY_DEFERRED,false,clinical_reentry,Proposed A7-CL DEFERRED_OUT_OF_CURRENT_BASELINE; not A7-CL COMPLETE
EB-FB11-EXCLUSION,clinical_exclusion,A6_5_S14; NC_AMENDMENT_S5; A7_CL_01,ORIGINAL_PHASE_A_FROZEN_BASELINE,FB-11 remains UNSATISFIED PRESERVED on the original Frozen object,NOT_APPLICABLE_TO_ENGINEERING_BASELINE,DOCUMENTED,A6.5 section 14; A7-CL-01,true,false,CLINICAL_ONLY_DEFERRED,false,clinical_reentry,Object-qualified only; never publish unqualified FB-11 NOT_APPLICABLE
EB-FB21-EXCLUSION,clinical_exclusion,A6_5_S14; NC_AMENDMENT_S5; PR29,ORIGINAL_PHASE_A_FROZEN_BASELINE,FB-21 / Full A7 remain required for the original Frozen object,NOT_APPLICABLE_TO_ENGINEERING_BASELINE,DOCUMENTED,A6.5 section 14; PR29,true,false,CLINICAL_ONLY_DEFERRED,false,original_frozen_baseline,A7 remains NOT_COMPLETE; Engineering Baseline consumes A7-NC only
EB-PHASEB-EXCLUSION,phase_b,ROADMAP_PHASE_B; A7_CL_01,PHASE_B,State Committer executable Safety Engine and clinical write path stay out of Phase A,DEFERRED_OUT_OF_BASELINE,DOCUMENTED,ADR-02; A7-CL-01,true,false,PHASE_B_DEFERRED,false,phase_b,Do not pull Phase B into Phase A
EB-A11-SEPARATION,a11_separation,NC_AMENDMENT_S7; 架构冻结基线_S12,ORIGINAL_PHASE_A_FROZEN_BASELINE,A11 remains a separate review and remains NOT_PASSED,NOT_APPLICABLE_TO_ENGINEERING_BASELINE,DOCUMENTED,NC Closure amendment section 7,true,false,CLINICAL_ONLY_DEFERRED,false,original_a11,Do not reuse A11 as ENGINEERING_FREEZE_REVIEW
EB-NEO4J-FUSION,graph,ADR_08; GAP-NEO4J-STRUCT,PHASE_A_ENGINEERING_BASELINE,Neo4j must not be treated as clinical guideline authority,PARTIALLY_VALIDATED,DOCUMENTED,ADR-08; GAP-NEO4J-STRUCT,true,false,REQUIRES_RESCOPE_EXIT_JUDGMENT,false,none,TECHNICAL_GRAPH_UNAVAILABLE != MEDICAL_NEGATIVE_RESULT; medical authority is CLINICAL_ONLY_DEFERRED
EB-PY-RUNTIME-IMPL,runtime_impl,ADR_04; GAP-PY-RUNTIME-IMPL,PHASE_A_ENGINEERING_BASELINE,Python Runtime package implementation remains NOT_IMPLEMENTED,UNSATISFIED,DOCUMENTED,ADR-04,false,false,POST_FREEZE_IMPLEMENTATION_DEBT,false,post_engineering_freeze,Decision complete; implementation is not auto-forgiven and is not marked freeze PASS
EB-DB-BACKEND,deferred_adr_impl,ADR_01; GAP-DB-VENDOR,PHASE_A_ENGINEERING_BASELINE,production primary DB vendor remains deferred by valid ADR,DEFERRED_OUT_OF_BASELINE,DOCUMENTED,ADR-01,false,false,POST_FREEZE_IMPLEMENTATION_DEBT,false,post_engineering_freeze,Do not select production DB vendor in RESCOPE-01
EB-VECTOR,deferred_adr_impl,ADR_06; GAP-VECTOR,PHASE_A_ENGINEERING_BASELINE,vector backend remains absent adopted runtime,DEFERRED_OUT_OF_BASELINE,DOCUMENTED,ADR-06,false,false,POST_FREEZE_IMPLEMENTATION_DEBT,false,post_engineering_freeze,No embeddings and no vendor selection
EB-BM25,deferred_adr_impl,ADR_07; GAP-BM25,PHASE_A_ENGINEERING_BASELINE,BM25 implementation remains absent,DEFERRED_OUT_OF_BASELINE,DOCUMENTED,ADR-07,false,false,POST_FREEZE_IMPLEMENTATION_DEBT,false,post_engineering_freeze,Never a citation replacement
EB-SECRET,deferred_adr_impl,ADR_09; GAP-SECRET,PHASE_A_ENGINEERING_BASELINE,Secret Manager backend remains deferred,DEFERRED_OUT_OF_BASELINE,DOCUMENTED,ADR-09,false,false,POST_FREEZE_IMPLEMENTATION_DEBT,false,post_engineering_freeze,No real provider credentials
EB-OTEL-BACKEND,deferred_adr_impl,ADR_10; GAP-OTEL-BACKEND,PHASE_A_ENGINEERING_BASELINE,OTel collector/backend remains deferred,DEFERRED_OUT_OF_BASELINE,DOCUMENTED,ADR-10,false,false,POST_FREEZE_IMPLEMENTATION_DEBT,false,post_engineering_freeze,Do not install collector in RESCOPE-01
EB-AOP-OTEL,deferred_adr_impl,ADR_11; GAP-AOP-OTEL,PHASE_A_ENGINEERING_BASELINE,AOP to OTel bridge remains decided and not implemented,DEFERRED_OUT_OF_BASELINE,DOCUMENTED,ADR-11,false,false,POST_FREEZE_IMPLEMENTATION_DEBT,false,post_engineering_freeze,Do not remove AOP first
EB-STATE-COMMITTER,phase_b,ADR_02; GAP-STATE-COMMITTER,PHASE_B,State Committer executable implementation remains Phase B,DEFERRED_OUT_OF_BASELINE,DOCUMENTED,ADR-02,true,false,PHASE_B_DEFERRED,false,phase_b,Structural interface may remain reference architecture
