asset_id,path,asset_name,asset_category,asset_type,format,language,current_status,current_consumer,declared_owner,source_of_truth,version,last_known_usage,clinical_relevance,runtime_relevance,contract_relevance,contains_prompt_logic,contains_clinical_logic,contains_thresholds,contains_medical_sources,potential_patient_data,provenance_status,license_status,schema_status,test_coverage,duplicate_or_overlap,candidate_target,proposed_disposition,validation_level,implementation_batch,blocking_dependencies,risk_level,decision_status,required_evidence,notes
DOC-001,docs/AI医生/项目文档/0.文档索引/全局文档索引.md,全局文档索引,DESIGN_DOCUMENT,LEGACY_DESIGN_SPEC,MD,zh,LEGACY_ACTIVE,refactoring-planning;legacy-services,UNASSIGNED,CANDIDATE,UNKNOWN,UNKNOWN,LOW,LOW,MED,NO,NO,NO,NO,NO,UNKNOWN,UNKNOWN,UNKNOWN,NONE,NO,,KEEP_READ_ONLY,L0,A6.5-A,code-mapping;owner-assignment,P2,PROPOSED,document_to_code_mapping;owner;retention_decision,Primary historical design evidence source per A6.5 normative docs; not production truth
DOC-002,docs/AI医生/项目文档/0.文档索引/按场景索引.md,按场景索引,DESIGN_DOCUMENT,LEGACY_DESIGN_SPEC,MD,zh,LEGACY_ACTIVE,refactoring-planning;legacy-services,UNASSIGNED,CANDIDATE,UNKNOWN,UNKNOWN,LOW,LOW,MED,NO,NO,NO,NO,NO,UNKNOWN,UNKNOWN,UNKNOWN,NONE,NO,,KEEP_READ_ONLY,L0,A6.5-A,code-mapping;owner-assignment,P2,PROPOSED,document_to_code_mapping;owner;retention_decision,Primary historical design evidence source per A6.5 normative docs; not production truth
DOC-003,docs/AI医生/项目文档/0.文档索引/按角色索引.md,按角色索引,DESIGN_DOCUMENT,LEGACY_DESIGN_SPEC,MD,zh,LEGACY_ACTIVE,refactoring-planning;legacy-services,UNASSIGNED,CANDIDATE,UNKNOWN,UNKNOWN,LOW,LOW,MED,NO,NO,NO,NO,NO,UNKNOWN,UNKNOWN,UNKNOWN,NONE,NO,,KEEP_READ_ONLY,L0,A6.5-A,code-mapping;owner-assignment,P2,PROPOSED,document_to_code_mapping;owner;retention_decision,Primary historical design evidence source per A6.5 normative docs; not production truth
DOC-004,docs/AI医生/项目文档/1.系统概述/AI医生系统 - 系统定位与核心理念.md,AI医生系统 - 系统定位与核心理念,DESIGN_DOCUMENT,LEGACY_DESIGN_SPEC,MD,zh,LEGACY_ACTIVE,refactoring-planning;legacy-services,UNASSIGNED,CANDIDATE,UNKNOWN,UNKNOWN,LOW,LOW,MED,NO,NO,NO,NO,NO,UNKNOWN,UNKNOWN,UNKNOWN,NONE,NO,,KEEP_READ_ONLY,L0,A6.5-A,code-mapping;owner-assignment,P2,PROPOSED,document_to_code_mapping;owner;retention_decision,Primary historical design evidence source per A6.5 normative docs; not production truth
DOC-005,docs/AI医生/项目文档/1.系统概述/整体架构概述.md,整体架构概述,DESIGN_DOCUMENT,LEGACY_DESIGN_SPEC,MD,zh,LEGACY_ACTIVE,refactoring-planning;legacy-services,UNASSIGNED,CANDIDATE,UNKNOWN,UNKNOWN,LOW,LOW,MED,NO,NO,NO,NO,NO,UNKNOWN,UNKNOWN,UNKNOWN,NONE,NO,,KEEP_READ_ONLY,L0,A6.5-A,code-mapping;owner-assignment,P2,PROPOSED,document_to_code_mapping;owner;retention_decision,Primary historical design evidence source per A6.5 normative docs; not production truth
DOC-006,docs/AI医生/项目文档/1.系统概述/核心概念与术语.md,核心概念与术语,DESIGN_DOCUMENT,LEGACY_DESIGN_SPEC,MD,zh,LEGACY_ACTIVE,refactoring-planning;legacy-services,UNASSIGNED,CANDIDATE,UNKNOWN,UNKNOWN,LOW,LOW,MED,NO,NO,NO,NO,NO,UNKNOWN,UNKNOWN,UNKNOWN,NONE,NO,,KEEP_READ_ONLY,L0,A6.5-A,code-mapping;owner-assignment,P2,PROPOSED,document_to_code_mapping;owner;retention_decision,Primary historical design evidence source per A6.5 normative docs; not production truth
DOC-007,docs/AI医生/项目文档/1.系统概述/系统定位与核心理念.md,系统定位与核心理念,DESIGN_DOCUMENT,LEGACY_DESIGN_SPEC,MD,zh,LEGACY_ACTIVE,refactoring-planning;legacy-services,UNASSIGNED,CANDIDATE,UNKNOWN,UNKNOWN,LOW,LOW,MED,NO,NO,NO,NO,NO,UNKNOWN,UNKNOWN,UNKNOWN,NONE,NO,,KEEP_READ_ONLY,L0,A6.5-A,code-mapping;owner-assignment,P2,PROPOSED,document_to_code_mapping;owner;retention_decision,Primary historical design evidence source per A6.5 normative docs; not production truth
DOC-008,docs/AI医生/项目文档/10.实现与部署/技术栈选型.md,技术栈选型,DESIGN_DOCUMENT,LEGACY_DESIGN_SPEC,MD,zh,LEGACY_ACTIVE,refactoring-planning;legacy-services,UNASSIGNED,CANDIDATE,UNKNOWN,UNKNOWN,LOW,LOW,MED,NO,NO,NO,NO,NO,UNKNOWN,UNKNOWN,UNKNOWN,NONE,NO,,KEEP_READ_ONLY,L0,A6.5-A,code-mapping;owner-assignment,P2,PROPOSED,document_to_code_mapping;owner;retention_decision,Primary historical design evidence source per A6.5 normative docs; not production truth
DOC-009,docs/AI医生/项目文档/10.实现与部署/环境配置指南.md,环境配置指南,DESIGN_DOCUMENT,LEGACY_DESIGN_SPEC,MD,zh,LEGACY_ACTIVE,refactoring-planning;legacy-services,UNASSIGNED,CANDIDATE,UNKNOWN,UNKNOWN,LOW,LOW,MED,NO,NO,NO,NO,NO,UNKNOWN,UNKNOWN,UNKNOWN,NONE,NO,,KEEP_READ_ONLY,L0,A6.5-A,code-mapping;owner-assignment,P2,PROPOSED,document_to_code_mapping;owner;retention_decision,Primary historical design evidence source per A6.5 normative docs; not production truth
DOC-010,docs/AI医生/项目文档/10.实现与部署/部署架构设计.md,部署架构设计,DESIGN_DOCUMENT,LEGACY_DESIGN_SPEC,MD,zh,LEGACY_ACTIVE,refactoring-planning;legacy-services,UNASSIGNED,CANDIDATE,UNKNOWN,UNKNOWN,LOW,LOW,MED,NO,NO,NO,NO,NO,UNKNOWN,UNKNOWN,UNKNOWN,NONE,NO,,KEEP_READ_ONLY,L0,A6.5-A,code-mapping;owner-assignment,P2,PROPOSED,document_to_code_mapping;owner;retention_decision,Primary historical design evidence source per A6.5 normative docs; not production truth
DOC-011,docs/AI医生/项目文档/10.实现与部署/项目结构设计.md,项目结构设计,DESIGN_DOCUMENT,LEGACY_DESIGN_SPEC,MD,zh,LEGACY_ACTIVE,refactoring-planning;legacy-services,UNASSIGNED,CANDIDATE,UNKNOWN,UNKNOWN,LOW,LOW,MED,NO,NO,NO,NO,NO,UNKNOWN,UNKNOWN,UNKNOWN,NONE,NO,,KEEP_READ_ONLY,L0,A6.5-A,code-mapping;owner-assignment,P2,PROPOSED,document_to_code_mapping;owner;retention_decision,Primary historical design evidence source per A6.5 normative docs; not production truth
DOC-012,docs/AI医生/项目文档/11.错误处理与异常/异常场景处理设计.md,异常场景处理设计,DESIGN_DOCUMENT,LEGACY_DESIGN_SPEC,MD,zh,LEGACY_ACTIVE,refactoring-planning;legacy-services,UNASSIGNED,CANDIDATE,UNKNOWN,UNKNOWN,LOW,LOW,MED,NO,NO,NO,NO,NO,UNKNOWN,UNKNOWN,UNKNOWN,NONE,NO,,MAP,L0,A6.5-A,code-mapping;owner-assignment,P1,PROPOSED,document_to_code_mapping;owner;retention_decision,Primary historical design evidence source per A6.5 normative docs; not production truth
DOC-013,docs/AI医生/项目文档/11.错误处理与异常/错误处理策略设计.md,错误处理策略设计,DESIGN_DOCUMENT,LEGACY_DESIGN_SPEC,MD,zh,LEGACY_ACTIVE,refactoring-planning;legacy-services,UNASSIGNED,CANDIDATE,UNKNOWN,UNKNOWN,LOW,LOW,MED,NO,NO,NO,NO,NO,UNKNOWN,UNKNOWN,UNKNOWN,NONE,NO,,MAP,L0,A6.5-A,code-mapping;owner-assignment,P1,PROPOSED,document_to_code_mapping;owner;retention_decision,Primary historical design evidence source per A6.5 normative docs; not production truth
DOC-014,docs/AI医生/项目文档/11.错误处理与异常/错误处理规范.md,错误处理规范,DESIGN_DOCUMENT,LEGACY_DESIGN_SPEC,MD,zh,LEGACY_ACTIVE,refactoring-planning;legacy-services,UNASSIGNED,CANDIDATE,UNKNOWN,UNKNOWN,LOW,LOW,MED,NO,NO,NO,NO,NO,UNKNOWN,UNKNOWN,UNKNOWN,NONE,NO,,MAP,L0,A6.5-A,code-mapping;owner-assignment,P1,PROPOSED,document_to_code_mapping;owner;retention_decision,Primary historical design evidence source per A6.5 normative docs; not production truth
DOC-015,docs/AI医生/项目文档/12.性能与评估/复杂度分析.md,复杂度分析,DESIGN_DOCUMENT,LEGACY_DESIGN_SPEC,MD,zh,LEGACY_ACTIVE,refactoring-planning;legacy-services,UNASSIGNED,CANDIDATE,UNKNOWN,UNKNOWN,LOW,LOW,MED,NO,NO,NO,NO,NO,UNKNOWN,UNKNOWN,UNKNOWN,NONE,NO,,MAP,L0,A6.5-A,code-mapping;owner-assignment,P1,PROPOSED,document_to_code_mapping;owner;retention_decision,Primary historical design evidence source per A6.5 normative docs; not production truth
DOC-016,docs/AI医生/项目文档/12.性能与评估/性能优化设计.md,性能优化设计,DESIGN_DOCUMENT,LEGACY_DESIGN_SPEC,MD,zh,LEGACY_ACTIVE,refactoring-planning;legacy-services,UNASSIGNED,CANDIDATE,UNKNOWN,UNKNOWN,LOW,LOW,MED,NO,NO,NO,NO,NO,UNKNOWN,UNKNOWN,UNKNOWN,NONE,NO,,MAP,L0,A6.5-A,code-mapping;owner-assignment,P1,PROPOSED,document_to_code_mapping;owner;retention_decision,Primary historical design evidence source per A6.5 normative docs; not production truth
DOC-017,docs/AI医生/项目文档/12.性能与评估/评估验证体系.md,评估验证体系,DESIGN_DOCUMENT,LEGACY_DESIGN_SPEC,MD,zh,LEGACY_ACTIVE,refactoring-planning;legacy-services,UNASSIGNED,CANDIDATE,UNKNOWN,UNKNOWN,LOW,LOW,MED,NO,NO,NO,NO,NO,UNKNOWN,UNKNOWN,UNKNOWN,NONE,NO,,MAP,L0,A6.5-A,code-mapping;owner-assignment,P0,PROPOSED,document_to_code_mapping;owner;retention_decision,Primary historical design evidence source per A6.5 normative docs; not production truth
DOC-018,docs/AI医生/项目文档/13.技术细节/AOP切面设计思路.md,AOP切面设计思路,DESIGN_DOCUMENT,LEGACY_DESIGN_SPEC,MD,zh,LEGACY_ACTIVE,refactoring-planning;legacy-services,UNASSIGNED,CANDIDATE,UNKNOWN,UNKNOWN,LOW,MED,MED,NO,NO,NO,NO,NO,UNKNOWN,UNKNOWN,UNKNOWN,NONE,NO,,MAP,L0,A6.5-A,code-mapping;owner-assignment,P0,PROPOSED,document_to_code_mapping;owner;retention_decision,Primary historical design evidence source per A6.5 normative docs; not production truth
DOC-019,docs/AI医生/项目文档/13.技术细节/DR.KNOWS路径推理设计.md,DR.KNOWS路径推理设计,DESIGN_DOCUMENT,LEGACY_DESIGN_SPEC,MD,zh,LEGACY_ACTIVE,refactoring-planning;legacy-services,UNASSIGNED,CANDIDATE,UNKNOWN,UNKNOWN,HIGH,LOW,MED,NO,YES,NO,NO,NO,UNKNOWN,UNKNOWN,UNKNOWN,NONE,NO,,MAP,L0,A6.5-A,code-mapping;owner-assignment,P0,PROPOSED,document_to_code_mapping;owner;retention_decision,Primary historical design evidence source per A6.5 normative docs; not production truth
DOC-020,docs/AI医生/项目文档/13.技术细节/LangChain架构开发流程.md,LangChain架构开发流程,DESIGN_DOCUMENT,LEGACY_DESIGN_SPEC,MD,zh,LEGACY_ACTIVE,refactoring-planning;legacy-services,UNASSIGNED,CANDIDATE,UNKNOWN,UNKNOWN,MED,LOW,MED,NO,YES,NO,NO,NO,UNKNOWN,UNKNOWN,UNKNOWN,NONE,NO,,MAP,L0,A6.5-A,code-mapping;owner-assignment,P1,PROPOSED,document_to_code_mapping;owner;retention_decision,Primary historical design evidence source per A6.5 normative docs; not production truth
DOC-021,docs/AI医生/项目文档/13.技术细节/路径注入LLM详细说明.md,路径注入LLM详细说明,DESIGN_DOCUMENT,LEGACY_DESIGN_SPEC,MD,zh,LEGACY_ACTIVE,refactoring-planning;legacy-services,UNASSIGNED,CANDIDATE,UNKNOWN,UNKNOWN,HIGH,LOW,MED,NO,YES,NO,NO,NO,UNKNOWN,UNKNOWN,UNKNOWN,NONE,NO,,MAP,L0,A6.5-A,code-mapping;owner-assignment,P0,PROPOSED,document_to_code_mapping;owner;retention_decision,Primary historical design evidence source per A6.5 normative docs; not production truth
DOC-022,docs/AI医生/项目文档/2.架构设计/主Agent架构设计.md,主Agent架构设计,DESIGN_DOCUMENT,LEGACY_DESIGN_SPEC,MD,zh,LEGACY_ACTIVE,refactoring-planning;legacy-services,UNASSIGNED,CANDIDATE,UNKNOWN,UNKNOWN,LOW,MED,MED,NO,NO,NO,NO,NO,UNKNOWN,UNKNOWN,UNKNOWN,NONE,NO,,MAP,L0,A6.5-A,code-mapping;owner-assignment,P0,PROPOSED,document_to_code_mapping;owner;retention_decision,Primary historical design evidence source per A6.5 normative docs; not production truth
DOC-023,docs/AI医生/项目文档/2.架构设计/双通道推理架构.md,双通道推理架构,DESIGN_DOCUMENT,LEGACY_DESIGN_SPEC,MD,zh,LEGACY_ACTIVE,refactoring-planning;legacy-services,UNASSIGNED,CANDIDATE,UNKNOWN,UNKNOWN,LOW,LOW,MED,NO,NO,NO,NO,NO,UNKNOWN,UNKNOWN,UNKNOWN,NONE,NO,,MAP,L0,A6.5-A,code-mapping;owner-assignment,P0,PROPOSED,document_to_code_mapping;owner;retention_decision,Primary historical design evidence source per A6.5 normative docs; not production truth
DOC-024,docs/AI医生/项目文档/2.架构设计/工具系统架构.md,工具系统架构,DESIGN_DOCUMENT,LEGACY_DESIGN_SPEC,MD,zh,LEGACY_ACTIVE,refactoring-planning;legacy-services,UNASSIGNED,CANDIDATE,UNKNOWN,UNKNOWN,LOW,MED,MED,NO,NO,NO,NO,NO,UNKNOWN,UNKNOWN,UNKNOWN,NONE,NO,,MAP,L0,A6.5-A,code-mapping;owner-assignment,P0,PROPOSED,document_to_code_mapping;owner;retention_decision,Primary historical design evidence source per A6.5 normative docs; not production truth
DOC-025,docs/AI医生/项目文档/3.业务功能设计/临床诊疗态流程设计.md,临床诊疗态流程设计,DESIGN_DOCUMENT,LEGACY_DESIGN_SPEC,MD,zh,LEGACY_ACTIVE,refactoring-planning;legacy-services,UNASSIGNED,CANDIDATE,UNKNOWN,UNKNOWN,HIGH,LOW,MED,NO,YES,NO,NO,NO,UNKNOWN,UNKNOWN,UNKNOWN,NONE,NO,,MAP,L0,A6.5-A,code-mapping;owner-assignment,P0,PROPOSED,document_to_code_mapping;owner;retention_decision,Primary historical design evidence source per A6.5 normative docs; not production truth
DOC-026,docs/AI医生/项目文档/3.业务功能设计/健康管理态流程设计.md,健康管理态流程设计,DESIGN_DOCUMENT,LEGACY_DESIGN_SPEC,MD,zh,LEGACY_ACTIVE,refactoring-planning;legacy-services,UNASSIGNED,CANDIDATE,UNKNOWN,UNKNOWN,MED,LOW,MED,NO,YES,NO,NO,NO,UNKNOWN,UNKNOWN,UNKNOWN,NONE,NO,,MAP,L0,A6.5-A,code-mapping;owner-assignment,P1,PROPOSED,document_to_code_mapping;owner;retention_decision,Primary historical design evidence source per A6.5 normative docs; not production truth
DOC-027,docs/AI医生/项目文档/3.业务功能设计/入口判定流程设计.md,入口判定流程设计,DESIGN_DOCUMENT,LEGACY_DESIGN_SPEC,MD,zh,LEGACY_ACTIVE,refactoring-planning;legacy-services,UNASSIGNED,CANDIDATE,UNKNOWN,UNKNOWN,HIGH,LOW,MED,NO,YES,NO,NO,NO,UNKNOWN,UNKNOWN,UNKNOWN,NONE,NO,,MAP,L0,A6.5-A,code-mapping;owner-assignment,P0,PROPOSED,document_to_code_mapping;owner;retention_decision,Primary historical design evidence source per A6.5 normative docs; not production truth
DOC-028,docs/AI医生/项目文档/3.业务功能设计/终点结论包设计.md,终点结论包设计,DESIGN_DOCUMENT,LEGACY_DESIGN_SPEC,MD,zh,LEGACY_ACTIVE,refactoring-planning;legacy-services,UNASSIGNED,CANDIDATE,UNKNOWN,UNKNOWN,HIGH,LOW,MED,NO,YES,NO,NO,NO,UNKNOWN,UNKNOWN,UNKNOWN,NONE,NO,,MAP,L0,A6.5-A,code-mapping;owner-assignment,P0,PROPOSED,document_to_code_mapping;owner;retention_decision,Primary historical design evidence source per A6.5 normative docs; not production truth
DOC-029,docs/AI医生/项目文档/4.工具设计/工具业务逻辑设计.md,工具业务逻辑设计,DESIGN_DOCUMENT,LEGACY_DESIGN_SPEC,MD,zh,LEGACY_ACTIVE,refactoring-planning;legacy-services,UNASSIGNED,CANDIDATE,UNKNOWN,UNKNOWN,LOW,MED,MED,NO,NO,NO,NO,NO,UNKNOWN,UNKNOWN,UNKNOWN,NONE,NO,,MAP,L0,A6.5-A,code-mapping;owner-assignment,P1,PROPOSED,document_to_code_mapping;owner;retention_decision,Primary historical design evidence source per A6.5 normative docs; not production truth
DOC-030,docs/AI医生/项目文档/4.工具设计/工具技术实现.md,工具技术实现,DESIGN_DOCUMENT,LEGACY_DESIGN_SPEC,MD,zh,LEGACY_ACTIVE,refactoring-planning;legacy-services,UNASSIGNED,CANDIDATE,UNKNOWN,UNKNOWN,LOW,MED,MED,NO,NO,NO,NO,NO,UNKNOWN,UNKNOWN,UNKNOWN,NONE,NO,,MAP,L0,A6.5-A,code-mapping;owner-assignment,P1,PROPOSED,document_to_code_mapping;owner;retention_decision,Primary historical design evidence source per A6.5 normative docs; not production truth
DOC-031,docs/AI医生/项目文档/4.工具设计/工具接口规范.md,工具接口规范,DESIGN_DOCUMENT,LEGACY_DESIGN_SPEC,MD,zh,LEGACY_ACTIVE,refactoring-planning;legacy-services,UNASSIGNED,CANDIDATE,UNKNOWN,UNKNOWN,LOW,MED,HIGH,NO,NO,NO,NO,NO,UNKNOWN,UNKNOWN,UNKNOWN,NONE,NO,,MAP,L0,A6.5-A,code-mapping;owner-assignment,P0,PROPOSED,document_to_code_mapping;owner;retention_decision,Primary historical design evidence source per A6.5 normative docs; not production truth
DOC-032,docs/AI医生/项目文档/5.主agent设计/主Agent业务逻辑设计.md,主Agent业务逻辑设计,DESIGN_DOCUMENT,LEGACY_DESIGN_SPEC,MD,zh,LEGACY_ACTIVE,refactoring-planning;legacy-services,UNASSIGNED,CANDIDATE,UNKNOWN,UNKNOWN,LOW,MED,MED,NO,NO,NO,NO,NO,UNKNOWN,UNKNOWN,UNKNOWN,NONE,NO,,MAP,L0,A6.5-A,code-mapping;owner-assignment,P1,PROPOSED,document_to_code_mapping;owner;retention_decision,Primary historical design evidence source per A6.5 normative docs; not production truth
DOC-033,docs/AI医生/项目文档/5.主agent设计/主Agent技术实现.md,主Agent技术实现,DESIGN_DOCUMENT,LEGACY_DESIGN_SPEC,MD,zh,LEGACY_ACTIVE,refactoring-planning;legacy-services,UNASSIGNED,CANDIDATE,UNKNOWN,UNKNOWN,LOW,MED,MED,NO,NO,NO,NO,NO,UNKNOWN,UNKNOWN,UNKNOWN,NONE,NO,,MAP,L0,A6.5-A,code-mapping;owner-assignment,P1,PROPOSED,document_to_code_mapping;owner;retention_decision,Primary historical design evidence source per A6.5 normative docs; not production truth
DOC-034,docs/AI医生/项目文档/5.主agent设计/主Agent核心算法设计.md,主Agent核心算法设计,DESIGN_DOCUMENT,LEGACY_DESIGN_SPEC,MD,zh,LEGACY_ACTIVE,refactoring-planning;legacy-services,UNASSIGNED,CANDIDATE,UNKNOWN,UNKNOWN,LOW,MED,MED,NO,NO,NO,NO,NO,UNKNOWN,UNKNOWN,UNKNOWN,NONE,NO,,MAP,L0,A6.5-A,code-mapping;owner-assignment,P1,PROPOSED,document_to_code_mapping;owner;retention_decision,Primary historical design evidence source per A6.5 normative docs; not production truth
DOC-035,docs/AI医生/项目文档/5.主agent设计/主Agent运行循环设计.md,主Agent运行循环设计,DESIGN_DOCUMENT,LEGACY_DESIGN_SPEC,MD,zh,LEGACY_ACTIVE,refactoring-planning;legacy-services,UNASSIGNED,CANDIDATE,UNKNOWN,UNKNOWN,LOW,MED,MED,NO,NO,NO,NO,NO,UNKNOWN,UNKNOWN,UNKNOWN,NONE,NO,,MAP,L0,A6.5-A,code-mapping;owner-assignment,P0,PROPOSED,document_to_code_mapping;owner;retention_decision,Primary historical design evidence source per A6.5 normative docs; not production truth
DOC-036,docs/AI医生/项目文档/6.数据模型设计/AgentState数据结构设计.md,AgentState数据结构设计,DESIGN_DOCUMENT,LEGACY_DESIGN_SPEC,MD,zh,LEGACY_ACTIVE,refactoring-planning;legacy-services,UNASSIGNED,CANDIDATE,UNKNOWN,UNKNOWN,LOW,MED,HIGH,NO,NO,NO,NO,NO,UNKNOWN,UNKNOWN,UNKNOWN,NONE,NO,,MAP,L0,A6.5-A,code-mapping;owner-assignment,P0,PROPOSED,document_to_code_mapping;owner;retention_decision,Primary historical design evidence source per A6.5 normative docs; not production truth
DOC-037,docs/AI医生/项目文档/6.数据模型设计/AuditTrail数据结构设计.md,AuditTrail数据结构设计,DESIGN_DOCUMENT,LEGACY_DESIGN_SPEC,MD,zh,LEGACY_ACTIVE,refactoring-planning;legacy-services,UNASSIGNED,CANDIDATE,UNKNOWN,UNKNOWN,LOW,LOW,HIGH,NO,NO,NO,NO,NO,UNKNOWN,UNKNOWN,UNKNOWN,NONE,NO,,MAP,L0,A6.5-A,code-mapping;owner-assignment,P0,PROPOSED,document_to_code_mapping;owner;retention_decision,Primary historical design evidence source per A6.5 normative docs; not production truth
DOC-038,docs/AI医生/项目文档/6.数据模型设计/CDP数据结构设计.md,CDP数据结构设计,DESIGN_DOCUMENT,LEGACY_DESIGN_SPEC,MD,zh,LEGACY_ACTIVE,refactoring-planning;legacy-services,UNASSIGNED,CANDIDATE,UNKNOWN,UNKNOWN,LOW,MED,HIGH,NO,NO,NO,NO,NO,UNKNOWN,UNKNOWN,UNKNOWN,NONE,NO,,MAP,L0,A6.5-A,code-mapping;owner-assignment,P0,PROPOSED,document_to_code_mapping;owner;retention_decision,Primary historical design evidence source per A6.5 normative docs; not production truth
DOC-039,docs/AI医生/项目文档/6.数据模型设计/实体类与DTO设计.md,实体类与DTO设计,DESIGN_DOCUMENT,LEGACY_DESIGN_SPEC,MD,zh,LEGACY_ACTIVE,refactoring-planning;legacy-services,UNASSIGNED,CANDIDATE,UNKNOWN,UNKNOWN,LOW,LOW,HIGH,NO,NO,NO,NO,NO,UNKNOWN,UNKNOWN,UNKNOWN,NONE,NO,,MAP,L0,A6.5-A,code-mapping;owner-assignment,P1,PROPOSED,document_to_code_mapping;owner;retention_decision,Primary historical design evidence source per A6.5 normative docs; not production truth
DOC-040,docs/AI医生/项目文档/7.接口规范/REST API接口规范.md,REST API接口规范,DESIGN_DOCUMENT,LEGACY_DESIGN_SPEC,MD,zh,LEGACY_ACTIVE,refactoring-planning;legacy-services,UNASSIGNED,CANDIDATE,UNKNOWN,UNKNOWN,LOW,LOW,HIGH,NO,NO,NO,NO,NO,UNKNOWN,UNKNOWN,UNKNOWN,NONE,NO,,KEEP_READ_ONLY,L0,A6.5-A,code-mapping;owner-assignment,P2,PROPOSED,document_to_code_mapping;owner;retention_decision,Primary historical design evidence source per A6.5 normative docs; not production truth
DOC-041,docs/AI医生/项目文档/7.接口规范/工具调用协议.md,工具调用协议,DESIGN_DOCUMENT,LEGACY_DESIGN_SPEC,MD,zh,LEGACY_ACTIVE,refactoring-planning;legacy-services,UNASSIGNED,CANDIDATE,UNKNOWN,UNKNOWN,LOW,MED,MED,NO,NO,NO,NO,NO,UNKNOWN,UNKNOWN,UNKNOWN,NONE,NO,,KEEP_READ_ONLY,L0,A6.5-A,code-mapping;owner-assignment,P2,PROPOSED,document_to_code_mapping;owner;retention_decision,Primary historical design evidence source per A6.5 normative docs; not production truth
DOC-042,docs/AI医生/项目文档/7.接口规范/错误处理规范.md,错误处理规范,DESIGN_DOCUMENT,LEGACY_DESIGN_SPEC,MD,zh,LEGACY_ACTIVE,refactoring-planning;legacy-services,UNASSIGNED,CANDIDATE,UNKNOWN,UNKNOWN,LOW,LOW,MED,NO,NO,NO,NO,NO,UNKNOWN,UNKNOWN,UNKNOWN,NONE,NO,,KEEP_READ_ONLY,L0,A6.5-A,code-mapping;owner-assignment,P2,PROPOSED,document_to_code_mapping;owner;retention_decision,Primary historical design evidence source per A6.5 normative docs; not production truth
DOC-043,docs/AI医生/项目文档/8.前端设计/入口设计规范.md,入口设计规范,DESIGN_DOCUMENT,LEGACY_DESIGN_SPEC,MD,zh,LEGACY_ACTIVE,refactoring-planning;legacy-services,UNASSIGNED,CANDIDATE,UNKNOWN,UNKNOWN,HIGH,LOW,MED,NO,YES,NO,NO,NO,UNKNOWN,UNKNOWN,UNKNOWN,NONE,NO,,KEEP_READ_ONLY,L0,A6.5-A,code-mapping;owner-assignment,P2,PROPOSED,document_to_code_mapping;owner;retention_decision,Primary historical design evidence source per A6.5 normative docs; not production truth
DOC-044,docs/AI医生/项目文档/8.前端设计/前端页面设计.md,前端页面设计,DESIGN_DOCUMENT,LEGACY_DESIGN_SPEC,MD,zh,LEGACY_ACTIVE,refactoring-planning;legacy-services,UNASSIGNED,CANDIDATE,UNKNOWN,UNKNOWN,LOW,LOW,MED,NO,NO,NO,NO,NO,UNKNOWN,UNKNOWN,UNKNOWN,NONE,NO,,KEEP_READ_ONLY,L0,A6.5-A,code-mapping;owner-assignment,P2,PROPOSED,document_to_code_mapping;owner;retention_decision,Primary historical design evidence source per A6.5 normative docs; not production truth
DOC-045,docs/AI医生/项目文档/8.前端设计/用户交互流程设计.md,用户交互流程设计,DESIGN_DOCUMENT,LEGACY_DESIGN_SPEC,MD,zh,LEGACY_ACTIVE,refactoring-planning;legacy-services,UNASSIGNED,CANDIDATE,UNKNOWN,UNKNOWN,MED,LOW,MED,NO,YES,NO,NO,NO,UNKNOWN,UNKNOWN,UNKNOWN,NONE,NO,,KEEP_READ_ONLY,L0,A6.5-A,code-mapping;owner-assignment,P2,PROPOSED,document_to_code_mapping;owner;retention_decision,Primary historical design evidence source per A6.5 normative docs; not production truth
DOC-046,docs/AI医生/项目文档/9.知识演化设计/知识演化与知识维护-完整设计方案.md,知识演化与知识维护-完整设计方案,DESIGN_DOCUMENT,LEGACY_DESIGN_SPEC,MD,zh,LEGACY_ACTIVE,refactoring-planning;legacy-services,UNASSIGNED,CANDIDATE,UNKNOWN,UNKNOWN,HIGH,LOW,MED,NO,YES,NO,NO,NO,UNKNOWN,UNKNOWN,UNKNOWN,NONE,NO,,MAP,L0,A6.5-A,code-mapping;owner-assignment,P1,PROPOSED,document_to_code_mapping;owner;retention_decision,Primary historical design evidence source per A6.5 normative docs; not production truth
DOC-047,docs/AI医生/项目文档/9.知识演化设计/知识演化业务逻辑.md,知识演化业务逻辑,DESIGN_DOCUMENT,LEGACY_DESIGN_SPEC,MD,zh,LEGACY_ACTIVE,refactoring-planning;legacy-services,UNASSIGNED,CANDIDATE,UNKNOWN,UNKNOWN,HIGH,LOW,MED,NO,YES,NO,NO,NO,UNKNOWN,UNKNOWN,UNKNOWN,NONE,NO,,MAP,L0,A6.5-A,code-mapping;owner-assignment,P1,PROPOSED,document_to_code_mapping;owner;retention_decision,Primary historical design evidence source per A6.5 normative docs; not production truth
DOC-048,docs/AI医生/项目文档/9.知识演化设计/知识演化技术实现.md,知识演化技术实现,DESIGN_DOCUMENT,LEGACY_DESIGN_SPEC,MD,zh,LEGACY_ACTIVE,refactoring-planning;legacy-services,UNASSIGNED,CANDIDATE,UNKNOWN,UNKNOWN,HIGH,LOW,MED,NO,YES,NO,NO,NO,UNKNOWN,UNKNOWN,UNKNOWN,NONE,NO,,MAP,L0,A6.5-A,code-mapping;owner-assignment,P1,PROPOSED,document_to_code_mapping;owner;retention_decision,Primary historical design evidence source per A6.5 normative docs; not production truth
DOC-049,docs/AI医生/项目文档/9.知识演化设计/知识演化架构设计.md,知识演化架构设计,DESIGN_DOCUMENT,LEGACY_DESIGN_SPEC,MD,zh,LEGACY_ACTIVE,refactoring-planning;legacy-services,UNASSIGNED,CANDIDATE,UNKNOWN,UNKNOWN,HIGH,LOW,MED,NO,YES,NO,NO,NO,UNKNOWN,UNKNOWN,UNKNOWN,NONE,NO,,MAP,L0,A6.5-A,code-mapping;owner-assignment,P0,PROPOSED,document_to_code_mapping;owner;retention_decision,Primary historical design evidence source per A6.5 normative docs; not production truth
CLIN-001,clinical-parsing-service/data/vocabularies/symptom_normalization.csv,symptom_normalization,CLINICAL_KNOWLEDGE,TERMINOLOGY,CSV,data,LEGACY_ACTIVE,clinical-parsing-service,UNASSIGNED,NO,UNKNOWN,UNKNOWN,HIGH,HIGH,MED,NO,YES,UNKNOWN,UNKNOWN,NO,UNKNOWN,UNKNOWN,STRUCTURALLY_PARSED_A4,NONE,NO,capabilities/adult_respiratory_v1/terminology|safety (future mapping only),MAP,L1,A6.5-B,clinical-review;license;provenance,P1,NEEDS_CLINICAL_REVIEW,provenance;license;clinical_review;owner,terminology pack candidate; A4 DATA_VERIFIED structure only
CLIN-002,clinical-parsing-service/data/vocabularies/disease_normalization.csv,disease_normalization,CLINICAL_KNOWLEDGE,TERMINOLOGY,CSV,data,LEGACY_ACTIVE,clinical-parsing-service,UNASSIGNED,NO,UNKNOWN,UNKNOWN,HIGH,HIGH,MED,NO,YES,UNKNOWN,UNKNOWN,NO,UNKNOWN,UNKNOWN,STRUCTURALLY_PARSED_A4,NONE,NO,capabilities/adult_respiratory_v1/terminology|safety (future mapping only),MAP,L1,A6.5-B,clinical-review;license;provenance,P1,NEEDS_CLINICAL_REVIEW,provenance;license;clinical_review;owner,terminology pack candidate; A4 DATA_VERIFIED structure only
CLIN-003,clinical-parsing-service/data/vocabularies/medication_normalization.csv,medication_normalization,CLINICAL_KNOWLEDGE,TERMINOLOGY,CSV,data,LEGACY_ACTIVE,clinical-parsing-service,UNASSIGNED,NO,UNKNOWN,UNKNOWN,HIGH,HIGH,MED,NO,YES,UNKNOWN,UNKNOWN,NO,UNKNOWN,UNKNOWN,STRUCTURALLY_PARSED_A4,NONE,NO,capabilities/adult_respiratory_v1/terminology|safety (future mapping only),MAP,L1,A6.5-B,clinical-review;license;provenance,P1,NEEDS_CLINICAL_REVIEW,provenance;license;clinical_review;owner,not approved medical source
CLIN-004,clinical-parsing-service/data/vocabularies/allergy_normalization.csv,allergy_normalization,CLINICAL_KNOWLEDGE,TERMINOLOGY,CSV,data,LEGACY_ACTIVE,clinical-parsing-service,UNASSIGNED,NO,UNKNOWN,UNKNOWN,HIGH,HIGH,MED,NO,YES,UNKNOWN,UNKNOWN,NO,UNKNOWN,UNKNOWN,STRUCTURALLY_PARSED_A4,NONE,NO,capabilities/adult_respiratory_v1/terminology|safety (future mapping only),MAP,L1,A6.5-B,clinical-review;license;provenance,P1,NEEDS_CLINICAL_REVIEW,provenance;license;clinical_review;owner,not approved medical source
CLIN-005,clinical-parsing-service/data/vocabularies/examination_normalization.csv,examination_normalization,CLINICAL_KNOWLEDGE,TERMINOLOGY,CSV,data,LEGACY_ACTIVE,clinical-parsing-service,UNASSIGNED,NO,UNKNOWN,UNKNOWN,HIGH,HIGH,MED,NO,YES,UNKNOWN,UNKNOWN,NO,UNKNOWN,UNKNOWN,STRUCTURALLY_PARSED_A4,NONE,NO,capabilities/adult_respiratory_v1/terminology|safety (future mapping only),MAP,L1,A6.5-B,clinical-review;license;provenance,P1,NEEDS_CLINICAL_REVIEW,provenance;license;clinical_review;owner,not approved medical source
CLIN-006,clinical-parsing-service/data/vocabularies/indicator_normalization.csv,indicator_normalization,CLINICAL_KNOWLEDGE,TERMINOLOGY,CSV,data,LEGACY_ACTIVE,clinical-parsing-service,UNASSIGNED,NO,UNKNOWN,UNKNOWN,HIGH,HIGH,MED,NO,YES,UNKNOWN,UNKNOWN,NO,UNKNOWN,UNKNOWN,STRUCTURALLY_PARSED_A4,NONE,NO,capabilities/adult_respiratory_v1/terminology|safety (future mapping only),MAP,L1,A6.5-B,clinical-review;license;provenance,P1,NEEDS_CLINICAL_REVIEW,provenance;license;clinical_review;owner,not approved medical source
CLIN-007,clinical-parsing-service/data/vocabularies/ambiguity_rules.json,ambiguity_rules,CLINICAL_KNOWLEDGE,CLINICAL_RULE,JSON,data,LEGACY_ACTIVE,clinical-parsing-service,UNASSIGNED,NO,UNKNOWN,UNKNOWN,HIGH,HIGH,MED,NO,YES,UNKNOWN,UNKNOWN,NO,UNKNOWN,UNKNOWN,STRUCTURALLY_PARSED_A4,NONE,NO,capabilities/adult_respiratory_v1/terminology|safety (future mapping only),NEEDS_DECISION,L1,A6.5-B,clinical-review;license;provenance,P0,NEEDS_CLINICAL_REVIEW,provenance;license;clinical_review;owner,implicit clinical disambiguation logic; needs clinical review
CLIN-008,health-state-assessment-service/data/健康管理路径规则/健康管理路径规则.yaml,健康管理路径规则,CLINICAL_KNOWLEDGE,RULE_CONFIG,YAML,yaml,LEGACY_ACTIVE,health-state-assessment-service,UNASSIGNED,NO,UNKNOWN,UNKNOWN,HIGH,HIGH,MED,NO,YES,YES,NO,NO,UNKNOWN,UNKNOWN,UNKNOWN,NONE,NO,,NEEDS_DECISION,L1,A6.5-B,clinical-review;owner,P0,NEEDS_CLINICAL_REVIEW,rule_semantics;population_scope;version;clinical_approval,Entry/work-mode/health-path rules; not approved for A6
CLIN-009,health-state-assessment-service/data/入口判定规则/入口判定与工作态切换规则.yaml,入口判定与工作态切换规则,CLINICAL_KNOWLEDGE,RULE_CONFIG,YAML,yaml,LEGACY_ACTIVE,health-state-assessment-service,UNASSIGNED,NO,UNKNOWN,UNKNOWN,HIGH,HIGH,MED,NO,YES,YES,NO,NO,UNKNOWN,UNKNOWN,UNKNOWN,NONE,NO,,NEEDS_DECISION,L1,A6.5-B,clinical-review;owner,P0,NEEDS_CLINICAL_REVIEW,rule_semantics;population_scope;version;clinical_approval,Entry/work-mode/health-path rules; not approved for A6
CLIN-010,health-state-assessment-service/data/入口判定规则/入口角度统一转换规则.yaml,入口角度统一转换规则,CLINICAL_KNOWLEDGE,RULE_CONFIG,YAML,yaml,LEGACY_ACTIVE,health-state-assessment-service,UNASSIGNED,NO,UNKNOWN,UNKNOWN,HIGH,HIGH,MED,NO,YES,YES,NO,NO,UNKNOWN,UNKNOWN,UNKNOWN,NONE,NO,,NEEDS_DECISION,L1,A6.5-B,clinical-review;owner,P0,NEEDS_CLINICAL_REVIEW,rule_semantics;population_scope;version;clinical_approval,Entry/work-mode/health-path rules; not approved for A6
CLIN-020,health-state-assessment-service/app/rules/red_flag_rules.py,red_flag_rules,CLINICAL_KNOWLEDGE,CLINICAL_LOGIC_CODE,PY,py/yaml,LEGACY_ACTIVE,health-state-assessment-service,UNASSIGNED,NO,UNKNOWN,UNKNOWN,HIGH,HIGH,MED,NO,YES,YES,NO,NO,UNKNOWN,UNKNOWN,UNKNOWN,NONE,NO,,QUARANTINE,L2,A6.5-A,clinical-review;safety-review,P0,NEEDS_CLINICAL_REVIEW,clinical_policy_extraction;negative_tests;owner,Must not be auto-approved into Capability Package
CLIN-021,health-state-assessment-service/app/rules/risk_screening_rules.py,risk_screening_rules,CLINICAL_KNOWLEDGE,CLINICAL_LOGIC_CODE,PY,py/yaml,LEGACY_ACTIVE,health-state-assessment-service,UNASSIGNED,NO,UNKNOWN,UNKNOWN,HIGH,HIGH,MED,NO,YES,YES,NO,NO,UNKNOWN,UNKNOWN,UNKNOWN,NONE,NO,,QUARANTINE,L2,A6.5-A,clinical-review;safety-review,P0,NEEDS_CLINICAL_REVIEW,clinical_policy_extraction;negative_tests;owner,Must not be auto-approved into Capability Package
CLIN-022,health-state-assessment-service/app/rules/severity_rules.py,severity_rules,CLINICAL_KNOWLEDGE,CLINICAL_LOGIC_CODE,PY,py/yaml,LEGACY_ACTIVE,health-state-assessment-service,UNASSIGNED,NO,UNKNOWN,UNKNOWN,HIGH,HIGH,MED,NO,YES,YES,NO,NO,UNKNOWN,UNKNOWN,UNKNOWN,NONE,NO,,QUARANTINE,L2,A6.5-A,clinical-review;safety-review,P0,NEEDS_CLINICAL_REVIEW,clinical_policy_extraction;negative_tests;owner,Must not be auto-approved into Capability Package
CLIN-023,health-state-assessment-service/app/rules/work_mode_rules.py,work_mode_rules,CLINICAL_KNOWLEDGE,CLINICAL_LOGIC_CODE,PY,py/yaml,LEGACY_ACTIVE,health-state-assessment-service,UNASSIGNED,NO,UNKNOWN,UNKNOWN,HIGH,HIGH,MED,NO,YES,YES,NO,NO,UNKNOWN,UNKNOWN,UNKNOWN,NONE,NO,,NEEDS_DECISION,L2,A6.5-B,clinical-review;safety-review,P1,NEEDS_CLINICAL_REVIEW,clinical_policy_extraction;negative_tests;owner,Must not be auto-approved into Capability Package
CLIN-024,health-state-assessment-service/app/rules/wellness_plan_rules.py,wellness_plan_rules,CLINICAL_KNOWLEDGE,CLINICAL_LOGIC_CODE,PY,py/yaml,LEGACY_ACTIVE,health-state-assessment-service,UNASSIGNED,NO,UNKNOWN,UNKNOWN,HIGH,HIGH,MED,NO,YES,YES,NO,NO,UNKNOWN,UNKNOWN,UNKNOWN,NONE,NO,,NEEDS_DECISION,L2,A6.5-B,clinical-review;safety-review,P1,NEEDS_CLINICAL_REVIEW,clinical_policy_extraction;negative_tests;owner,Must not be auto-approved into Capability Package
CLIN-025,risk-assessment-service/app/services/triage_engine.py,triage_engine,CLINICAL_KNOWLEDGE,CLINICAL_LOGIC_CODE,PY,py/yaml,LEGACY_ACTIVE,risk-assessment-service,UNASSIGNED,NO,UNKNOWN,UNKNOWN,HIGH,HIGH,MED,NO,YES,YES,NO,NO,UNKNOWN,UNKNOWN,UNKNOWN,NONE,NO,,QUARANTINE,L2,A6.5-A,clinical-review;safety-review,P0,NEEDS_CLINICAL_REVIEW,clinical_policy_extraction;negative_tests;owner,Must not be auto-approved into Capability Package
CLIN-026,risk-assessment-service/app/services/upgrade_rule_engine.py,upgrade_rule_engine,CLINICAL_KNOWLEDGE,CLINICAL_LOGIC_CODE,PY,py/yaml,LEGACY_ACTIVE,risk-assessment-service,UNASSIGNED,NO,UNKNOWN,UNKNOWN,HIGH,HIGH,MED,NO,YES,YES,NO,NO,UNKNOWN,UNKNOWN,UNKNOWN,NONE,NO,,QUARANTINE,L2,A6.5-A,clinical-review;safety-review,P0,NEEDS_CLINICAL_REVIEW,clinical_policy_extraction;negative_tests;owner,Must not be auto-approved into Capability Package
CLIN-027,dialog-service/app/identifiers/information_gap_identifier.py,information_gap_identifier,CLINICAL_KNOWLEDGE,CLINICAL_LOGIC_CODE,PY,py/yaml,LEGACY_ACTIVE,dialog-service,UNASSIGNED,NO,UNKNOWN,UNKNOWN,HIGH,HIGH,MED,NO,YES,YES,NO,NO,UNKNOWN,UNKNOWN,UNKNOWN,NONE,NO,,NEEDS_DECISION,L2,A6.5-B,clinical-review;safety-review,P1,NEEDS_CLINICAL_REVIEW,clinical_policy_extraction;negative_tests;owner,Must not be auto-approved into Capability Package
CLIN-028,dialog-service/app/core/nlg.py,dialog_nlg,CLINICAL_KNOWLEDGE,CLINICAL_LOGIC_CODE,PY,py/yaml,LEGACY_ACTIVE,dialog-service,UNASSIGNED,NO,UNKNOWN,UNKNOWN,HIGH,HIGH,MED,YES,YES,YES,NO,NO,UNKNOWN,UNKNOWN,UNKNOWN,NONE,NO,,NEEDS_DECISION,L2,A6.5-B,clinical-review;safety-review,P1,NEEDS_CLINICAL_REVIEW,clinical_policy_extraction;negative_tests;owner,Must not be auto-approved into Capability Package
CLIN-029,diagnosis-engine-service/data/问题清单/结构化问题清单模板.yaml,structured_question_template,CLINICAL_KNOWLEDGE,CLINICAL_LOGIC_CODE,YAML,py/yaml,LEGACY_ACTIVE,diagnosis-engine-service,UNASSIGNED,NO,UNKNOWN,UNKNOWN,HIGH,HIGH,MED,NO,YES,YES,NO,NO,UNKNOWN,UNKNOWN,UNKNOWN,NONE,NO,,NEEDS_DECISION,L2,A6.5-B,clinical-review;safety-review,P1,NEEDS_CLINICAL_REVIEW,clinical_policy_extraction;negative_tests;owner,Must not be auto-approved into Capability Package
PROMPT-001,common/aidoctor_llm/prompt_manager.py,common_prompt_manager,PROMPT,PROMPT_ASSET,PY,prompt,LEGACY_ACTIVE,common,UNASSIGNED,NO,UNKNOWN,UNKNOWN,HIGH,HIGH,HIGH,YES,YES,NO,NO,NO,UNKNOWN,UNKNOWN,UNKNOWN,NONE,NO,A7 PromptSpec/Prompt Registry (future); A6 prompt_allowlist mapping only,NEEDS_DECISION,L2,A6.5-A,prompt-governance;phi-boundary;a7-runtime,P0,NEEDS_EVIDENCE,caller_map;input_fields;output_schema;phi_boundary;version,A2 confirmed CODE_CONFIRMED; no Prompt Release; path injection specially blocked
PROMPT-002,diagnosis-engine-service/app/utils/prompt_templates.py,engine_prompt_templates_py,PROMPT,PROMPT_ASSET,PY,prompt,LEGACY_ACTIVE,diagnosis-engine-service,UNASSIGNED,NO,UNKNOWN,UNKNOWN,HIGH,HIGH,HIGH,YES,YES,NO,NO,NO,UNKNOWN,UNKNOWN,UNKNOWN,NONE,NO,A7 PromptSpec/Prompt Registry (future); A6 prompt_allowlist mapping only,NEEDS_DECISION,L2,A6.5-A,prompt-governance;phi-boundary;a7-runtime,P0,NEEDS_EVIDENCE,caller_map;input_fields;output_schema;phi_boundary;version,A2 confirmed CODE_CONFIRMED; no Prompt Release; path injection specially blocked
PROMPT-003,diagnosis-engine-service/app/config/prompt_templates/diagnosis_reasoning.jinja2,diagnosis_reasoning_prompt,PROMPT,PROMPT_ASSET,JINJA2,prompt,LEGACY_ACTIVE,diagnosis-engine-service,UNASSIGNED,NO,UNKNOWN,UNKNOWN,HIGH,HIGH,HIGH,YES,YES,NO,NO,NO,UNKNOWN,UNKNOWN,UNKNOWN,NONE,NO,A7 PromptSpec/Prompt Registry (future); A6 prompt_allowlist mapping only,NEEDS_DECISION,L2,A6.5-A,prompt-governance;phi-boundary;a7-runtime,P0,NEEDS_EVIDENCE,caller_map;input_fields;output_schema;phi_boundary;version,A2 confirmed CODE_CONFIRMED; no Prompt Release; path injection specially blocked
PROMPT-004,diagnosis-engine-service/app/config/prompt_templates/path_injection.jinja2,path_injection_prompt,PROMPT,PROMPT_ASSET,JINJA2,prompt,LEGACY_ACTIVE,diagnosis-engine-service,UNASSIGNED,NO,UNKNOWN,UNKNOWN,HIGH,HIGH,HIGH,YES,YES,NO,NO,NO,UNKNOWN,UNKNOWN,UNKNOWN,NONE,NO,A7 PromptSpec/Prompt Registry (future); A6 prompt_allowlist mapping only,NEEDS_DECISION,L2,A6.5-A,prompt-governance;phi-boundary;a7-runtime,P0,NEEDS_HUMAN_DECISION,caller_map;input_fields;output_schema;phi_boundary;version,A2 confirmed CODE_CONFIRMED; no Prompt Release; path injection specially blocked
PROMPT-005,diagnosis-engine-service/app/config/prompt_templates/question_generation.jinja2,question_generation_prompt,PROMPT,PROMPT_ASSET,JINJA2,prompt,LEGACY_ACTIVE,diagnosis-engine-service,UNASSIGNED,NO,UNKNOWN,UNKNOWN,MED,HIGH,HIGH,YES,YES,NO,NO,NO,UNKNOWN,UNKNOWN,UNKNOWN,NONE,NO,A7 PromptSpec/Prompt Registry (future); A6 prompt_allowlist mapping only,NEEDS_DECISION,L2,A6.5-B,prompt-governance;phi-boundary;a7-runtime,P1,NEEDS_EVIDENCE,caller_map;input_fields;output_schema;phi_boundary;version,A2 confirmed CODE_CONFIRMED; no Prompt Release; path injection specially blocked
PROMPT-006,diagnosis-engine-service/app/config/prompt_templates/explanation_generation.jinja2,explanation_generation_prompt,PROMPT,PROMPT_ASSET,JINJA2,prompt,LEGACY_ACTIVE,diagnosis-engine-service,UNASSIGNED,NO,UNKNOWN,UNKNOWN,MED,HIGH,HIGH,YES,YES,NO,NO,NO,UNKNOWN,UNKNOWN,UNKNOWN,NONE,NO,A7 PromptSpec/Prompt Registry (future); A6 prompt_allowlist mapping only,NEEDS_DECISION,L2,A6.5-B,prompt-governance;phi-boundary;a7-runtime,P1,NEEDS_EVIDENCE,caller_map;input_fields;output_schema;phi_boundary;version,A2 confirmed CODE_CONFIRMED; no Prompt Release; path injection specially blocked
PROMPT-007,diagnosis-engine-service/app/config/prompt_templates/templates.yaml,prompt_templates_registry,PROMPT,PROMPT_ASSET,YAML,prompt,LEGACY_ACTIVE,diagnosis-engine-service,UNASSIGNED,NO,UNKNOWN,UNKNOWN,MED,HIGH,HIGH,YES,YES,NO,NO,NO,UNKNOWN,UNKNOWN,UNKNOWN,NONE,NO,A7 PromptSpec/Prompt Registry (future); A6 prompt_allowlist mapping only,NEEDS_DECISION,L2,A6.5-B,prompt-governance;phi-boundary;a7-runtime,P1,NEEDS_EVIDENCE,caller_map;input_fields;output_schema;phi_boundary;version,A2 confirmed CODE_CONFIRMED; no Prompt Release; path injection specially blocked
PROMPT-008,health-state-assessment-service/app/services/nlu/prompt_manager.py,hsa_nlu_prompt_manager,PROMPT,PROMPT_ASSET,PY,prompt,LEGACY_ACTIVE,health-state-assessment-service,UNASSIGNED,NO,UNKNOWN,UNKNOWN,HIGH,HIGH,HIGH,YES,YES,NO,NO,NO,UNKNOWN,UNKNOWN,UNKNOWN,NONE,NO,A7 PromptSpec/Prompt Registry (future); A6 prompt_allowlist mapping only,NEEDS_DECISION,L2,A6.5-A,prompt-governance;phi-boundary;a7-runtime,P0,NEEDS_EVIDENCE,caller_map;input_fields;output_schema;phi_boundary;version,A2 confirmed CODE_CONFIRMED; no Prompt Release; path injection specially blocked
PROMPT-009,dialog-service/app/utils/prompt_manager.py,dialog_prompt_manager,PROMPT,PROMPT_ASSET,PY,prompt,LEGACY_ACTIVE,dialog-service,UNASSIGNED,NO,UNKNOWN,UNKNOWN,MED,HIGH,HIGH,YES,YES,NO,NO,NO,UNKNOWN,UNKNOWN,UNKNOWN,NONE,NO,A7 PromptSpec/Prompt Registry (future); A6 prompt_allowlist mapping only,NEEDS_DECISION,L2,A6.5-B,prompt-governance;phi-boundary;a7-runtime,P1,NEEDS_EVIDENCE,caller_map;input_fields;output_schema;phi_boundary;version,A2 confirmed CODE_CONFIRMED; no Prompt Release; path injection specially blocked
PROMPT-010,dialog-service/app/core/nlu.py,dialog_nlu_prompts,PROMPT,PROMPT_ASSET,PY,prompt,LEGACY_ACTIVE,dialog-service,UNASSIGNED,NO,UNKNOWN,UNKNOWN,MED,HIGH,HIGH,YES,YES,NO,NO,NO,UNKNOWN,UNKNOWN,UNKNOWN,NONE,NO,A7 PromptSpec/Prompt Registry (future); A6 prompt_allowlist mapping only,NEEDS_DECISION,L2,A6.5-B,prompt-governance;phi-boundary;a7-runtime,P1,NEEDS_EVIDENCE,caller_map;input_fields;output_schema;phi_boundary;version,A2 confirmed CODE_CONFIRMED; no Prompt Release; path injection specially blocked
PROMPT-011,explanation-service/app/builders/explanation_generator.py,explanation_generator_prompts,PROMPT,PROMPT_ASSET,PY,prompt,LEGACY_ACTIVE,explanation-service,UNASSIGNED,NO,UNKNOWN,UNKNOWN,MED,HIGH,HIGH,YES,YES,NO,NO,NO,UNKNOWN,UNKNOWN,UNKNOWN,NONE,NO,A7 PromptSpec/Prompt Registry (future); A6 prompt_allowlist mapping only,NEEDS_DECISION,L2,A6.5-B,prompt-governance;phi-boundary;a7-runtime,P1,NEEDS_EVIDENCE,caller_map;input_fields;output_schema;phi_boundary;version,A2 confirmed CODE_CONFIRMED; no Prompt Release; path injection specially blocked
PROMPT-012,docs/refactoring/evidence/phase-a/a2/prompt-inventory.csv,a2_prompt_inventory,PROMPT,PROMPT_ASSET,CSV,prompt,LEGACY_ACTIVE,docs,UNASSIGNED,NO,UNKNOWN,UNKNOWN,MED,HIGH,HIGH,YES,UNKNOWN,NO,NO,NO,UNKNOWN,UNKNOWN,UNKNOWN,NONE,NO,A7 PromptSpec/Prompt Registry (future); A6 prompt_allowlist mapping only,MAP,L2,A6.5-B,prompt-governance;phi-boundary;a7-runtime,P2,NEEDS_EVIDENCE,caller_map;input_fields;output_schema;phi_boundary;version,A2 confirmed CODE_CONFIRMED; no Prompt Release; path injection specially blocked
PROMPT-013,docs/AI医生/知识内容提取/提取脚本/merge_hpo_chinese.py,hpo_translation_prompt_script,PROMPT,PROMPT_ASSET,PY,prompt,LEGACY_ACTIVE,docs,UNASSIGNED,NO,UNKNOWN,UNKNOWN,MED,HIGH,HIGH,YES,UNKNOWN,NO,NO,NO,UNKNOWN,UNKNOWN,UNKNOWN,NONE,NO,A7 PromptSpec/Prompt Registry (future); A6 prompt_allowlist mapping only,NEEDS_DECISION,L2,A6.5-B,prompt-governance;phi-boundary;a7-runtime,P2,NEEDS_EVIDENCE,caller_map;input_fields;output_schema;phi_boundary;version,A2 confirmed CODE_CONFIRMED; no Prompt Release; path injection specially blocked
PROMPT-014,docs/AI医生/知识内容提取/提取脚本/parse_and_translate_icpc_xml.py,icpc_translation_prompt_script,PROMPT,PROMPT_ASSET,PY,prompt,LEGACY_ACTIVE,docs,UNASSIGNED,NO,UNKNOWN,UNKNOWN,MED,HIGH,HIGH,YES,UNKNOWN,NO,NO,NO,UNKNOWN,UNKNOWN,UNKNOWN,NONE,NO,A7 PromptSpec/Prompt Registry (future); A6 prompt_allowlist mapping only,NEEDS_DECISION,L2,A6.5-B,prompt-governance;phi-boundary;a7-runtime,P2,NEEDS_EVIDENCE,caller_map;input_fields;output_schema;phi_boundary;version,A2 confirmed CODE_CONFIRMED; no Prompt Release; path injection specially blocked
PROMPT-015,docs/AI医生/知识内容提取/提取脚本/translate_icpc_chinese.py,icpc_translate_prompt_script,PROMPT,PROMPT_ASSET,PY,prompt,LEGACY_ACTIVE,docs,UNASSIGNED,NO,UNKNOWN,UNKNOWN,MED,HIGH,HIGH,YES,UNKNOWN,NO,NO,NO,UNKNOWN,UNKNOWN,UNKNOWN,NONE,NO,A7 PromptSpec/Prompt Registry (future); A6 prompt_allowlist mapping only,NEEDS_DECISION,L2,A6.5-B,prompt-governance;phi-boundary;a7-runtime,P2,NEEDS_EVIDENCE,caller_map;input_fields;output_schema;phi_boundary;version,A2 confirmed CODE_CONFIRMED; no Prompt Release; path injection specially blocked
MODEL-001,common/aidoctor_llm/llm_client.py,llm_client,MODEL_INFERENCE,MODEL_CONFIG_OR_ADAPTER,PY,py/yaml,LEGACY_ACTIVE,common,UNASSIGNED,NO,UNKNOWN,UNKNOWN,MED,HIGH,HIGH,NO,NO,NO,NO,NO,UNKNOWN,UNKNOWN,UNKNOWN,NONE,NO,A7 ModelSpec/ModelRoutePolicy/Model Gateway,MAP,L1,A6.5-C,a7-runtime;secret-manager,P1,NEEDS_EVIDENCE,model_version;route;fallback;phi_egress_policy,dynamic provider selection; no ModelSpec
MODEL-002,common/aidoctor_llm/config.py,llm_config,MODEL_INFERENCE,MODEL_CONFIG_OR_ADAPTER,PY,py/yaml,LEGACY_ACTIVE,common,UNASSIGNED,NO,UNKNOWN,UNKNOWN,MED,HIGH,HIGH,NO,NO,NO,NO,NO,UNKNOWN,UNKNOWN,UNKNOWN,NONE,NO,A7 ModelSpec/ModelRoutePolicy/Model Gateway,MAP,L1,A6.5-C,a7-runtime;secret-manager,P1,NEEDS_EVIDENCE,model_version;route;fallback;phi_egress_policy,env-driven model config
MODEL-003,diagnosis-engine-service/app/config/settings.py,engine_settings,MODEL_INFERENCE,MODEL_CONFIG_OR_ADAPTER,PY,py/yaml,LEGACY_ACTIVE,diagnosis-engine-service,UNASSIGNED,NO,UNKNOWN,UNKNOWN,MED,HIGH,HIGH,NO,NO,NO,NO,NO,UNKNOWN,UNKNOWN,UNKNOWN,NONE,NO,A7 ModelSpec/ModelRoutePolicy/Model Gateway,MAP,L1,A6.5-C,a7-runtime;secret-manager,P1,NEEDS_EVIDENCE,model_version;route;fallback;phi_egress_policy,model/route settings
MODEL-004,diagnosis-engine-service/app/engines/llm_engine.py,llm_engine,MODEL_INFERENCE,MODEL_CONFIG_OR_ADAPTER,PY,py/yaml,LEGACY_ACTIVE,diagnosis-engine-service,UNASSIGNED,NO,UNKNOWN,UNKNOWN,MED,HIGH,HIGH,NO,NO,NO,NO,NO,UNKNOWN,UNKNOWN,UNKNOWN,NONE,NO,A7 ModelSpec/ModelRoutePolicy/Model Gateway,MAP,L1,A6.5-C,a7-runtime;secret-manager,P1,NEEDS_EVIDENCE,model_version;route;fallback;phi_egress_policy,legacy LLM engine
MODEL-005,diagnosis-engine-service/app/multi-engine-fusion/llm_engine.py,fusion_llm_engine,MODEL_INFERENCE,MODEL_CONFIG_OR_ADAPTER,PY,py/yaml,LEGACY_ACTIVE,diagnosis-engine-service,UNASSIGNED,NO,UNKNOWN,UNKNOWN,MED,HIGH,HIGH,NO,NO,NO,NO,NO,UNKNOWN,UNKNOWN,UNKNOWN,NONE,YES,A7 ModelSpec/ModelRoutePolicy/Model Gateway,MAP,L1,A6.5-C,a7-runtime;secret-manager,P1,NEEDS_EVIDENCE,model_version;route;fallback;phi_egress_policy,duplicate/overlap with engines/llm_engine
MODEL-006,health-state-assessment-service/app/services/nlu/ner_model.py,ner_model_loader,MODEL_INFERENCE,MODEL_CONFIG_OR_ADAPTER,PY,py/yaml,LEGACY_ACTIVE,health-state-assessment-service,UNASSIGNED,NO,UNKNOWN,UNKNOWN,MED,HIGH,HIGH,NO,NO,NO,NO,NO,UNKNOWN,UNKNOWN,UNKNOWN,NONE,NO,A7 ModelSpec/ModelRoutePolicy/Model Gateway,MAP,L1,A6.5-C,a7-runtime;secret-manager,P1,NEEDS_EVIDENCE,model_version;route;fallback;phi_egress_policy,NER_MODEL_NAME driven
MODEL-007,ocr-service/app/services/ocr_service.py,ocr_service,MODEL_INFERENCE,MODEL_CONFIG_OR_ADAPTER,PY,py/yaml,LEGACY_ACTIVE,ocr-service,UNASSIGNED,NO,UNKNOWN,UNKNOWN,MED,HIGH,HIGH,NO,NO,NO,NO,NO,UNKNOWN,UNKNOWN,UNKNOWN,NONE,NO,A7 ModelSpec/ModelRoutePolicy/Model Gateway,MAP,L1,A6.5-C,a7-runtime;secret-manager,P1,NEEDS_EVIDENCE,model_version;route;fallback;phi_egress_policy,Tesseract; PHI-capable inputs
MODEL-008,DRKnows-main/generate_CUI_embedding.py,drknows_embedding,MODEL_INFERENCE,MODEL_CONFIG_OR_ADAPTER,PY,py/yaml,LEGACY_ACTIVE,DRKnows-main,UNASSIGNED,NO,UNKNOWN,UNKNOWN,MED,HIGH,HIGH,NO,NO,NO,NO,NO,UNKNOWN,UNKNOWN,UNKNOWN,NONE,NO,A7 ModelSpec/ModelRoutePolicy/Model Gateway,MAP,L1,A6.5-C,a7-runtime;secret-manager,P2,NEEDS_EVIDENCE,model_version;route;fallback;phi_egress_policy,SapBERT; research
MODEL-009,docker-compose.yml,compose_model_env_refs,MODEL_INFERENCE,MODEL_CONFIG_OR_ADAPTER,YML,py/yaml,LEGACY_ACTIVE,docker-compose.yml,UNASSIGNED,NO,UNKNOWN,UNKNOWN,MED,HIGH,HIGH,NO,NO,NO,NO,NO,UNKNOWN,UNKNOWN,UNKNOWN,NONE,NO,A7 ModelSpec/ModelRoutePolicy/Model Gateway,MAP,L1,A6.5-C,a7-runtime;secret-manager,P1,NEEDS_EVIDENCE,model_version;route;fallback;phi_egress_policy,env refs only; Milvus host without service evidence
DATA-K001,docs/AI医生/知识内容提取/源数据/hp-zh.babelon.tsv,hp-zh.babelon.tsv,DATA_EVALUATION,MEDICAL_SOURCE,TSV,data,LEGACY_UNKNOWN,knowledge-extraction;knowledge-management-service,UNASSIGNED,CANDIDATE,UNKNOWN,UNKNOWN,HIGH,MED,MED,NO,UNKNOWN,NO,YES,NO,UNKNOWN,UNKNOWN,UNKNOWN,NONE,NO,A6 knowledge_policy/source_manifest (mapping only; not approval),QUARANTINE,L2,A6.5-A,license-review;legal-review;clinical-review;provenance,P0,NEEDS_LEGAL_REVIEW,license;publisher_version;extraction_provenance;withdrawal_policy,Do not enter Knowledge Release or A6 approved sources without governance
DATA-K002,docs/AI医生/知识内容提取/源数据/hp-zh.synonyms.tsv,hp-zh.synonyms.tsv,DATA_EVALUATION,MEDICAL_SOURCE,TSV,data,LEGACY_UNKNOWN,knowledge-extraction;knowledge-management-service,UNASSIGNED,CANDIDATE,UNKNOWN,UNKNOWN,HIGH,MED,MED,NO,UNKNOWN,NO,YES,NO,UNKNOWN,UNKNOWN,UNKNOWN,NONE,NO,A6 knowledge_policy/source_manifest (mapping only; not approval),QUARANTINE,L2,A6.5-A,license-review;legal-review;clinical-review;provenance,P0,NEEDS_LEGAL_REVIEW,license;publisher_version;extraction_provenance;withdrawal_policy,Do not enter Knowledge Release or A6 approved sources without governance
DATA-K003,docs/AI医生/知识内容提取/源数据/ICPC-2e-v7.0/ICPC-2e-v7.0.xml,ICPC-2e-v7.0.xml,DATA_EVALUATION,MEDICAL_SOURCE,XML,data,LEGACY_UNKNOWN,knowledge-extraction;knowledge-management-service,UNASSIGNED,CANDIDATE,UNKNOWN,UNKNOWN,HIGH,MED,MED,NO,UNKNOWN,NO,YES,NO,UNKNOWN,UNKNOWN,UNKNOWN,NONE,NO,A6 knowledge_policy/source_manifest (mapping only; not approval),QUARANTINE,L2,A6.5-A,license-review;legal-review;clinical-review;provenance,P0,NEEDS_LEGAL_REVIEW,license;publisher_version;extraction_provenance;withdrawal_policy,Do not enter Knowledge Release or A6 approved sources without governance
DATA-K004,docs/AI医生/知识内容提取/源数据/UMLS数据集和关系类型详细说明.md,UMLS数据集和关系类型详细说明.md,DATA_EVALUATION,MEDICAL_SOURCE,MD,data,LEGACY_UNKNOWN,knowledge-extraction;knowledge-management-service,UNASSIGNED,CANDIDATE,UNKNOWN,UNKNOWN,HIGH,MED,MED,NO,UNKNOWN,NO,YES,NO,UNKNOWN,UNKNOWN,UNKNOWN,NONE,NO,A6 knowledge_policy/source_manifest (mapping only; not approval),QUARANTINE,L2,A6.5-A,license-review;legal-review;clinical-review;provenance,P0,NEEDS_LEGAL_REVIEW,license;publisher_version;extraction_provenance;withdrawal_policy,Do not enter Knowledge Release or A6 approved sources without governance
DATA-K005,docs/AI医生/知识内容提取/源数据/归档/icd10cm-table and index-2026/icd10cm-drug-2026.xml,icd10cm-drug-2026.xml,DATA_EVALUATION,MEDICAL_SOURCE,XML,data,LEGACY_UNKNOWN,knowledge-extraction;knowledge-management-service,UNASSIGNED,CANDIDATE,UNKNOWN,UNKNOWN,HIGH,MED,MED,NO,UNKNOWN,NO,YES,NO,UNKNOWN,UNKNOWN,UNKNOWN,NONE,NO,A6 knowledge_policy/source_manifest (mapping only; not approval),QUARANTINE,L2,A6.5-A,license-review;legal-review;clinical-review;provenance,P0,NEEDS_LEGAL_REVIEW,license;publisher_version;extraction_provenance;withdrawal_policy,Do not enter Knowledge Release or A6 approved sources without governance
DATA-K006,docs/AI医生/知识内容提取/源数据/归档/icd10cm-table and index-2026/icd10cm-eindex-2026.xml,icd10cm-eindex-2026.xml,DATA_EVALUATION,MEDICAL_SOURCE,XML,data,LEGACY_UNKNOWN,knowledge-extraction;knowledge-management-service,UNASSIGNED,CANDIDATE,UNKNOWN,UNKNOWN,HIGH,MED,MED,NO,UNKNOWN,NO,YES,NO,UNKNOWN,UNKNOWN,UNKNOWN,NONE,NO,A6 knowledge_policy/source_manifest (mapping only; not approval),QUARANTINE,L2,A6.5-A,license-review;legal-review;clinical-review;provenance,P0,NEEDS_LEGAL_REVIEW,license;publisher_version;extraction_provenance;withdrawal_policy,Do not enter Knowledge Release or A6 approved sources without governance
DATA-K007,docs/AI医生/知识内容提取/源数据/归档/icd10cm-table and index-2026/icd10cm-index-2026.xml,icd10cm-index-2026.xml,DATA_EVALUATION,MEDICAL_SOURCE,XML,data,LEGACY_UNKNOWN,knowledge-extraction;knowledge-management-service,UNASSIGNED,CANDIDATE,UNKNOWN,UNKNOWN,HIGH,MED,MED,NO,UNKNOWN,NO,YES,NO,UNKNOWN,UNKNOWN,UNKNOWN,NONE,NO,A6 knowledge_policy/source_manifest (mapping only; not approval),QUARANTINE,L2,A6.5-A,license-review;legal-review;clinical-review;provenance,P0,NEEDS_LEGAL_REVIEW,license;publisher_version;extraction_provenance;withdrawal_policy,Do not enter Knowledge Release or A6 approved sources without governance
DATA-K008,docs/AI医生/知识内容提取/源数据/归档/icd10cm-table and index-2026/icd10cm-neoplasm-2026.xml,icd10cm-neoplasm-2026.xml,DATA_EVALUATION,MEDICAL_SOURCE,XML,data,LEGACY_UNKNOWN,knowledge-extraction;knowledge-management-service,UNASSIGNED,CANDIDATE,UNKNOWN,UNKNOWN,HIGH,MED,MED,NO,UNKNOWN,NO,YES,NO,UNKNOWN,UNKNOWN,UNKNOWN,NONE,NO,A6 knowledge_policy/source_manifest (mapping only; not approval),QUARANTINE,L2,A6.5-A,license-review;legal-review;clinical-review;provenance,P0,NEEDS_LEGAL_REVIEW,license;publisher_version;extraction_provenance;withdrawal_policy,Do not enter Knowledge Release or A6 approved sources without governance
DATA-K009,docs/AI医生/知识内容提取/源数据/归档/icd10cm-table and index-2026/icd10cm-tabular-2026.xml,icd10cm-tabular-2026.xml,DATA_EVALUATION,MEDICAL_SOURCE,XML,data,LEGACY_UNKNOWN,knowledge-extraction;knowledge-management-service,UNASSIGNED,CANDIDATE,UNKNOWN,UNKNOWN,HIGH,MED,MED,NO,UNKNOWN,NO,YES,NO,UNKNOWN,UNKNOWN,UNKNOWN,NONE,NO,A6 knowledge_policy/source_manifest (mapping only; not approval),QUARANTINE,L2,A6.5-A,license-review;legal-review;clinical-review;provenance,P0,NEEDS_LEGAL_REVIEW,license;publisher_version;extraction_provenance;withdrawal_policy,Do not enter Knowledge Release or A6 approved sources without governance
DATA-K010,docs/AI医生/知识内容提取/提取结果/hpo/hpo_chinese_mapping.csv,hpo_chinese_mapping.csv,DATA_EVALUATION,DERIVED_MEDICAL_KNOWLEDGE,CSV,data,LEGACY_UNKNOWN,knowledge-extraction;knowledge-management-service,UNASSIGNED,NO,UNKNOWN,UNKNOWN,HIGH,MED,MED,NO,UNKNOWN,NO,YES,NO,UNKNOWN,UNKNOWN,STRUCTURALLY_PARSED_A4,NONE,NO,A6 knowledge_policy/source_manifest (mapping only; not approval),QUARANTINE,L2,A6.5-A,license-review;legal-review;clinical-review;provenance,P0,NEEDS_LEGAL_REVIEW,license;publisher_version;extraction_provenance;withdrawal_policy,Do not enter Knowledge Release or A6 approved sources without governance
DATA-K011,docs/AI医生/知识内容提取/提取结果/hpo/hpo_data.csv,hpo_data.csv,DATA_EVALUATION,DERIVED_MEDICAL_KNOWLEDGE,CSV,data,LEGACY_UNKNOWN,knowledge-extraction;knowledge-management-service,UNASSIGNED,NO,UNKNOWN,UNKNOWN,HIGH,MED,MED,NO,UNKNOWN,NO,YES,NO,UNKNOWN,UNKNOWN,UNKNOWN,NONE,NO,A6 knowledge_policy/source_manifest (mapping only; not approval),QUARANTINE,L2,A6.5-A,license-review;legal-review;clinical-review;provenance,P0,NEEDS_LEGAL_REVIEW,license;publisher_version;extraction_provenance;withdrawal_policy,Do not enter Knowledge Release or A6 approved sources without governance
DATA-K012,docs/AI医生/知识内容提取/提取结果/hpo/hpo_data.json,hpo_data.json,DATA_EVALUATION,DERIVED_MEDICAL_KNOWLEDGE,JSON,data,LEGACY_UNKNOWN,knowledge-extraction;knowledge-management-service,UNASSIGNED,NO,UNKNOWN,UNKNOWN,HIGH,MED,MED,NO,UNKNOWN,NO,YES,NO,UNKNOWN,UNKNOWN,STRUCTURALLY_PARSED_A4,NONE,NO,A6 knowledge_policy/source_manifest (mapping only; not approval),QUARANTINE,L2,A6.5-A,license-review;legal-review;clinical-review;provenance,P0,NEEDS_LEGAL_REVIEW,license;publisher_version;extraction_provenance;withdrawal_policy,Do not enter Knowledge Release or A6 approved sources without governance
DATA-K013,docs/AI医生/知识内容提取/提取结果/hpo/hpo_data_with_chinese.csv,hpo_data_with_chinese.csv,DATA_EVALUATION,DERIVED_MEDICAL_KNOWLEDGE,CSV,data,LEGACY_UNKNOWN,knowledge-extraction;knowledge-management-service,UNASSIGNED,NO,UNKNOWN,UNKNOWN,HIGH,MED,MED,NO,UNKNOWN,NO,YES,NO,UNKNOWN,UNKNOWN,UNKNOWN,NONE,NO,A6 knowledge_policy/source_manifest (mapping only; not approval),QUARANTINE,L2,A6.5-A,license-review;legal-review;clinical-review;provenance,P0,NEEDS_LEGAL_REVIEW,license;publisher_version;extraction_provenance;withdrawal_policy,Do not enter Knowledge Release or A6 approved sources without governance
DATA-K014,docs/AI医生/知识内容提取/提取结果/hpo/hpo_data_示例_前1000条.csv,hpo_data_示例_前1000条.csv,DATA_EVALUATION,DERIVED_MEDICAL_KNOWLEDGE,CSV,data,LEGACY_UNKNOWN,knowledge-extraction;knowledge-management-service,UNASSIGNED,NO,UNKNOWN,UNKNOWN,HIGH,MED,MED,NO,UNKNOWN,NO,YES,NO,UNKNOWN,UNKNOWN,UNKNOWN,NONE,NO,A6 knowledge_policy/source_manifest (mapping only; not approval),QUARANTINE,L2,A6.5-A,license-review;legal-review;clinical-review;provenance,P0,NEEDS_LEGAL_REVIEW,license;publisher_version;extraction_provenance;withdrawal_policy,Do not enter Knowledge Release or A6 approved sources without governance
DATA-K015,docs/AI医生/知识内容提取/提取结果/hpo/hpo_translation_template.csv,hpo_translation_template.csv,DATA_EVALUATION,DERIVED_MEDICAL_KNOWLEDGE,CSV,data,LEGACY_UNKNOWN,knowledge-extraction;knowledge-management-service,UNASSIGNED,NO,UNKNOWN,UNKNOWN,HIGH,MED,MED,NO,UNKNOWN,NO,YES,NO,UNKNOWN,UNKNOWN,UNKNOWN,NONE,NO,A6 knowledge_policy/source_manifest (mapping only; not approval),QUARANTINE,L2,A6.5-A,license-review;legal-review;clinical-review;provenance,P0,NEEDS_LEGAL_REVIEW,license;publisher_version;extraction_provenance;withdrawal_policy,Do not enter Knowledge Release or A6 approved sources without governance
DATA-K016,docs/AI医生/知识内容提取/提取结果/hpo/translation_cache.json,translation_cache.json,DATA_EVALUATION,DERIVED_MEDICAL_KNOWLEDGE,JSON,data,LEGACY_UNKNOWN,knowledge-extraction;knowledge-management-service,UNASSIGNED,NO,UNKNOWN,UNKNOWN,HIGH,MED,MED,NO,UNKNOWN,NO,YES,NO,UNKNOWN,UNKNOWN,UNKNOWN,NONE,NO,A6 knowledge_policy/source_manifest (mapping only; not approval),QUARANTINE,L2,A6.5-A,license-review;legal-review;clinical-review;provenance,P0,NEEDS_LEGAL_REVIEW,license;publisher_version;extraction_provenance;withdrawal_policy,Do not enter Knowledge Release or A6 approved sources without governance
DATA-K017,docs/AI医生/知识内容提取/提取结果/icpc/icpc_xml_chinese.csv,icpc_xml_chinese.csv,DATA_EVALUATION,DERIVED_MEDICAL_KNOWLEDGE,CSV,data,LEGACY_UNKNOWN,knowledge-extraction;knowledge-management-service,UNASSIGNED,NO,UNKNOWN,UNKNOWN,HIGH,MED,MED,NO,UNKNOWN,NO,YES,NO,UNKNOWN,UNKNOWN,STRUCTURALLY_PARSED_A4,NONE,NO,A6 knowledge_policy/source_manifest (mapping only; not approval),QUARANTINE,L2,A6.5-A,license-review;legal-review;clinical-review;provenance,P0,NEEDS_LEGAL_REVIEW,license;publisher_version;extraction_provenance;withdrawal_policy,Do not enter Knowledge Release or A6 approved sources without governance
DATA-K018,docs/AI医生/知识内容提取/提取结果/icpc/icpc_xml_chinese.json,icpc_xml_chinese.json,DATA_EVALUATION,DERIVED_MEDICAL_KNOWLEDGE,JSON,data,LEGACY_UNKNOWN,knowledge-extraction;knowledge-management-service,UNASSIGNED,NO,UNKNOWN,UNKNOWN,HIGH,MED,MED,NO,UNKNOWN,NO,YES,NO,UNKNOWN,UNKNOWN,STRUCTURALLY_PARSED_A4,NONE,NO,A6 knowledge_policy/source_manifest (mapping only; not approval),QUARANTINE,L2,A6.5-A,license-review;legal-review;clinical-review;provenance,P0,NEEDS_LEGAL_REVIEW,license;publisher_version;extraction_provenance;withdrawal_policy,Do not enter Knowledge Release or A6 approved sources without governance
DATA-K019,docs/AI医生/知识内容提取/提取结果/icpc/translation_cache.json,translation_cache.json,DATA_EVALUATION,DERIVED_MEDICAL_KNOWLEDGE,JSON,data,LEGACY_UNKNOWN,knowledge-extraction;knowledge-management-service,UNASSIGNED,NO,UNKNOWN,UNKNOWN,HIGH,MED,MED,NO,UNKNOWN,NO,YES,NO,UNKNOWN,UNKNOWN,UNKNOWN,NONE,NO,A6 knowledge_policy/source_manifest (mapping only; not approval),QUARANTINE,L2,A6.5-A,license-review;legal-review;clinical-review;provenance,P0,NEEDS_LEGAL_REVIEW,license;publisher_version;extraction_provenance;withdrawal_policy,Do not enter Knowledge Release or A6 approved sources without governance
DATA-K020,docs/AI医生/知识内容提取/提取结果/归档/icd10/icd10cm_chinese_mapping.csv,icd10cm_chinese_mapping.csv,DATA_EVALUATION,DERIVED_MEDICAL_KNOWLEDGE,CSV,data,LEGACY_UNKNOWN,knowledge-extraction;knowledge-management-service,UNASSIGNED,NO,UNKNOWN,UNKNOWN,HIGH,MED,MED,NO,UNKNOWN,NO,YES,NO,UNKNOWN,UNKNOWN,UNKNOWN,NONE,NO,A6 knowledge_policy/source_manifest (mapping only; not approval),QUARANTINE,L2,A6.5-A,license-review;legal-review;clinical-review;provenance,P0,NEEDS_LEGAL_REVIEW,license;publisher_version;extraction_provenance;withdrawal_policy,Do not enter Knowledge Release or A6 approved sources without governance
DATA-K021,docs/AI医生/知识内容提取/提取结果/归档/icd10/icd10cm_chinese_mapping.json,icd10cm_chinese_mapping.json,DATA_EVALUATION,DERIVED_MEDICAL_KNOWLEDGE,JSON,data,LEGACY_UNKNOWN,knowledge-extraction;knowledge-management-service,UNASSIGNED,NO,UNKNOWN,UNKNOWN,HIGH,MED,MED,NO,UNKNOWN,NO,YES,NO,UNKNOWN,UNKNOWN,UNKNOWN,NONE,NO,A6 knowledge_policy/source_manifest (mapping only; not approval),QUARANTINE,L2,A6.5-A,license-review;legal-review;clinical-review;provenance,P0,NEEDS_LEGAL_REVIEW,license;publisher_version;extraction_provenance;withdrawal_policy,Do not enter Knowledge Release or A6 approved sources without governance
DATA-K022,docs/AI医生/知识内容提取/提取结果/归档/icd10/icd10cm_disease_catalog.csv,icd10cm_disease_catalog.csv,DATA_EVALUATION,DERIVED_MEDICAL_KNOWLEDGE,CSV,data,LEGACY_UNKNOWN,knowledge-extraction;knowledge-management-service,UNASSIGNED,NO,UNKNOWN,UNKNOWN,HIGH,MED,MED,NO,UNKNOWN,NO,YES,NO,UNKNOWN,UNKNOWN,UNKNOWN,NONE,NO,A6 knowledge_policy/source_manifest (mapping only; not approval),QUARANTINE,L2,A6.5-A,license-review;legal-review;clinical-review;provenance,P0,NEEDS_LEGAL_REVIEW,license;publisher_version;extraction_provenance;withdrawal_policy,Do not enter Knowledge Release or A6 approved sources without governance
DATA-K023,docs/AI医生/知识内容提取/提取结果/归档/icd10/icd10cm_disease_catalog.json,icd10cm_disease_catalog.json,DATA_EVALUATION,DERIVED_MEDICAL_KNOWLEDGE,JSON,data,LEGACY_UNKNOWN,knowledge-extraction;knowledge-management-service,UNASSIGNED,NO,UNKNOWN,UNKNOWN,HIGH,MED,MED,NO,UNKNOWN,NO,YES,NO,UNKNOWN,UNKNOWN,UNKNOWN,NONE,NO,A6 knowledge_policy/source_manifest (mapping only; not approval),QUARANTINE,L2,A6.5-A,license-review;legal-review;clinical-review;provenance,P0,NEEDS_LEGAL_REVIEW,license;publisher_version;extraction_provenance;withdrawal_policy,Do not enter Knowledge Release or A6 approved sources without governance
DATA-K024,docs/AI医生/知识内容提取/提取结果/归档/icd10/icd10cm_disease_catalog_summary.json,icd10cm_disease_catalog_summary.json,DATA_EVALUATION,DERIVED_MEDICAL_KNOWLEDGE,JSON,data,LEGACY_UNKNOWN,knowledge-extraction;knowledge-management-service,UNASSIGNED,NO,UNKNOWN,UNKNOWN,HIGH,MED,MED,NO,UNKNOWN,NO,YES,NO,UNKNOWN,UNKNOWN,UNKNOWN,NONE,NO,A6 knowledge_policy/source_manifest (mapping only; not approval),QUARANTINE,L2,A6.5-A,license-review;legal-review;clinical-review;provenance,P0,NEEDS_LEGAL_REVIEW,license;publisher_version;extraction_provenance;withdrawal_policy,Do not enter Knowledge Release or A6 approved sources without governance
DATA-K025,docs/AI医生/知识内容提取/提取结果/归档/icd10/icd10cm_disease_catalog_tree.json,icd10cm_disease_catalog_tree.json,DATA_EVALUATION,DERIVED_MEDICAL_KNOWLEDGE,JSON,data,LEGACY_UNKNOWN,knowledge-extraction;knowledge-management-service,UNASSIGNED,NO,UNKNOWN,UNKNOWN,HIGH,MED,MED,NO,UNKNOWN,NO,YES,NO,UNKNOWN,UNKNOWN,UNKNOWN,NONE,NO,A6 knowledge_policy/source_manifest (mapping only; not approval),QUARANTINE,L2,A6.5-A,license-review;legal-review;clinical-review;provenance,P0,NEEDS_LEGAL_REVIEW,license;publisher_version;extraction_provenance;withdrawal_policy,Do not enter Knowledge Release or A6 approved sources without governance
DATA-K026,docs/AI医生/知识内容提取/提取结果/归档/icd10/icd10cm_disease_catalog_zh_en.csv,icd10cm_disease_catalog_zh_en.csv,DATA_EVALUATION,DERIVED_MEDICAL_KNOWLEDGE,CSV,data,LEGACY_UNKNOWN,knowledge-extraction;knowledge-management-service,UNASSIGNED,NO,UNKNOWN,UNKNOWN,HIGH,MED,MED,NO,UNKNOWN,NO,YES,NO,UNKNOWN,UNKNOWN,UNKNOWN,NONE,NO,A6 knowledge_policy/source_manifest (mapping only; not approval),QUARANTINE,L2,A6.5-A,license-review;legal-review;clinical-review;provenance,P0,NEEDS_LEGAL_REVIEW,license;publisher_version;extraction_provenance;withdrawal_policy,Do not enter Knowledge Release or A6 approved sources without governance
DATA-K027,docs/AI医生/知识内容提取/提取结果/贝茨/outline.json,outline.json,DATA_EVALUATION,DERIVED_MEDICAL_KNOWLEDGE,JSON,data,LEGACY_UNKNOWN,knowledge-extraction;knowledge-management-service,UNASSIGNED,NO,UNKNOWN,UNKNOWN,HIGH,MED,MED,NO,UNKNOWN,NO,YES,NO,UNKNOWN,UNKNOWN,STRUCTURALLY_PARSED_A4,NONE,NO,A6 knowledge_policy/source_manifest (mapping only; not approval),QUARANTINE,L2,A6.5-A,license-review;legal-review;clinical-review;provenance,P0,NEEDS_LEGAL_REVIEW,license;publisher_version;extraction_provenance;withdrawal_policy,Do not enter Knowledge Release or A6 approved sources without governance
DATA-K028,docs/AI医生/知识内容提取/提取结果/贝茨/outline_health_history_only.json,outline_health_history_only.json,DATA_EVALUATION,DERIVED_MEDICAL_KNOWLEDGE,JSON,data,LEGACY_UNKNOWN,knowledge-extraction;knowledge-management-service,UNASSIGNED,NO,UNKNOWN,UNKNOWN,HIGH,MED,MED,NO,UNKNOWN,NO,YES,NO,UNKNOWN,UNKNOWN,UNKNOWN,NONE,NO,A6 knowledge_policy/source_manifest (mapping only; not approval),QUARANTINE,L2,A6.5-A,license-review;legal-review;clinical-review;provenance,P0,NEEDS_LEGAL_REVIEW,license;publisher_version;extraction_provenance;withdrawal_policy,Do not enter Knowledge Release or A6 approved sources without governance
DATA-K029,docs/AI医生/知识内容提取/提取结果/贝茨/outline_with_end.json,outline_with_end.json,DATA_EVALUATION,DERIVED_MEDICAL_KNOWLEDGE,JSON,data,LEGACY_UNKNOWN,knowledge-extraction;knowledge-management-service,UNASSIGNED,NO,UNKNOWN,UNKNOWN,HIGH,MED,MED,NO,UNKNOWN,NO,YES,NO,UNKNOWN,UNKNOWN,UNKNOWN,NONE,NO,A6 knowledge_policy/source_manifest (mapping only; not approval),QUARANTINE,L2,A6.5-A,license-review;legal-review;clinical-review;provenance,P0,NEEDS_LEGAL_REVIEW,license;publisher_version;extraction_provenance;withdrawal_policy,Do not enter Knowledge Release or A6 approved sources without governance
DATA-K030,docs/AI医生/知识内容提取/提取结果/贝茨/《贝茨体格检查和病史采集指南》目录结构表（中英对照 + 页码）.md,《贝茨体格检查和病史采集指南》目录结构表（中英对照 + 页码）.md,DATA_EVALUATION,DERIVED_MEDICAL_KNOWLEDGE,MD,data,LEGACY_UNKNOWN,knowledge-extraction;knowledge-management-service,UNASSIGNED,NO,UNKNOWN,UNKNOWN,HIGH,MED,MED,NO,UNKNOWN,NO,YES,NO,UNKNOWN,UNKNOWN,UNKNOWN,NONE,NO,A6 knowledge_policy/source_manifest (mapping only; not approval),QUARANTINE,L2,A6.5-A,license-review;legal-review;clinical-review;provenance,P0,NEEDS_LEGAL_REVIEW,license;publisher_version;extraction_provenance;withdrawal_policy,Do not enter Knowledge Release or A6 approved sources without governance
DATA-K031,docs/AI医生/知识内容提取/提取结果/贝茨/《贝茨体格检查和病史采集指南》目录结构表（中英对照）.md,《贝茨体格检查和病史采集指南》目录结构表（中英对照）.md,DATA_EVALUATION,DERIVED_MEDICAL_KNOWLEDGE,MD,data,LEGACY_UNKNOWN,knowledge-extraction;knowledge-management-service,UNASSIGNED,NO,UNKNOWN,UNKNOWN,HIGH,MED,MED,NO,UNKNOWN,NO,YES,NO,UNKNOWN,UNKNOWN,UNKNOWN,NONE,NO,A6 knowledge_policy/source_manifest (mapping only; not approval),QUARANTINE,L2,A6.5-A,license-review;legal-review;clinical-review;provenance,P0,NEEDS_LEGAL_REVIEW,license;publisher_version;extraction_provenance;withdrawal_policy,Do not enter Knowledge Release or A6 approved sources without governance
DATA-S001,docs/AI医生/知识内容提取/提取脚本/ai_translation_config.json,ai_translation_config.json,DATA_EVALUATION,EXTRACTION_SCRIPT,JSON,py/md/json,LEGACY_UNKNOWN,offline-extraction,UNASSIGNED,NO,UNKNOWN,UNKNOWN,MED,LOW,LOW,NO,NO,NO,YES,NO,UNKNOWN,UNKNOWN,UNKNOWN,NONE,NO,,KEEP_READ_ONLY,L1,A6.5-B,license-of-sources,P2,NEEDS_EVIDENCE,reproducibility;model_versions_used;output_checksum_chain,Offline tooling; do not run against external paid APIs in A6.5
DATA-S002,docs/AI医生/知识内容提取/提取脚本/book_extraction/book_registry.json,book_registry.json,DATA_EVALUATION,EXTRACTION_SCRIPT,JSON,py/md/json,LEGACY_UNKNOWN,offline-extraction,UNASSIGNED,NO,UNKNOWN,UNKNOWN,MED,LOW,LOW,NO,NO,NO,YES,NO,UNKNOWN,UNKNOWN,UNKNOWN,NONE,NO,,KEEP_READ_ONLY,L1,A6.5-B,license-of-sources,P2,NEEDS_EVIDENCE,reproducibility;model_versions_used;output_checksum_chain,Offline tooling; do not run against external paid APIs in A6.5
DATA-S003,docs/AI医生/知识内容提取/提取脚本/book_extraction/book_registry.py,book_registry.py,DATA_EVALUATION,EXTRACTION_SCRIPT,PY,py/md/json,LEGACY_UNKNOWN,offline-extraction,UNASSIGNED,NO,UNKNOWN,UNKNOWN,MED,LOW,LOW,YES,NO,NO,YES,NO,UNKNOWN,UNKNOWN,UNKNOWN,NONE,NO,,KEEP_READ_ONLY,L1,A6.5-B,license-of-sources,P2,NEEDS_EVIDENCE,reproducibility;model_versions_used;output_checksum_chain,Offline tooling; do not run against external paid APIs in A6.5
DATA-S004,docs/AI医生/知识内容提取/提取脚本/book_extraction/step1_pdf_to_pages.py,step1_pdf_to_pages.py,DATA_EVALUATION,EXTRACTION_SCRIPT,PY,py/md/json,LEGACY_UNKNOWN,offline-extraction,UNASSIGNED,NO,UNKNOWN,UNKNOWN,MED,LOW,LOW,YES,NO,NO,YES,NO,UNKNOWN,UNKNOWN,UNKNOWN,NONE,NO,,KEEP_READ_ONLY,L1,A6.5-B,license-of-sources,P2,NEEDS_EVIDENCE,reproducibility;model_versions_used;output_checksum_chain,Offline tooling; do not run against external paid APIs in A6.5
DATA-S005,docs/AI医生/知识内容提取/提取脚本/book_extraction/step2_outline_to_blocks.py,step2_outline_to_blocks.py,DATA_EVALUATION,EXTRACTION_SCRIPT,PY,py/md/json,LEGACY_UNKNOWN,offline-extraction,UNASSIGNED,NO,UNKNOWN,UNKNOWN,MED,LOW,LOW,YES,NO,NO,YES,NO,UNKNOWN,UNKNOWN,UNKNOWN,NONE,NO,,KEEP_READ_ONLY,L1,A6.5-B,license-of-sources,P2,NEEDS_EVIDENCE,reproducibility;model_versions_used;output_checksum_chain,Offline tooling; do not run against external paid APIs in A6.5
DATA-S006,docs/AI医生/知识内容提取/提取脚本/convert_hpo_to_csv.py,convert_hpo_to_csv.py,DATA_EVALUATION,EXTRACTION_SCRIPT,PY,py/md/json,LEGACY_UNKNOWN,offline-extraction,UNASSIGNED,NO,UNKNOWN,UNKNOWN,MED,LOW,LOW,YES,NO,NO,YES,NO,UNKNOWN,UNKNOWN,UNKNOWN,NONE,NO,,KEEP_READ_ONLY,L1,A6.5-B,license-of-sources,P2,NEEDS_EVIDENCE,reproducibility;model_versions_used;output_checksum_chain,Offline tooling; do not run against external paid APIs in A6.5
DATA-S007,docs/AI医生/知识内容提取/提取脚本/download_hpo_chinese_dict.py,download_hpo_chinese_dict.py,DATA_EVALUATION,EXTRACTION_SCRIPT,PY,py/md/json,LEGACY_UNKNOWN,offline-extraction,UNASSIGNED,NO,UNKNOWN,UNKNOWN,MED,LOW,LOW,YES,NO,NO,YES,NO,UNKNOWN,UNKNOWN,UNKNOWN,NONE,NO,,KEEP_READ_ONLY,L1,A6.5-B,license-of-sources,P2,NEEDS_EVIDENCE,reproducibility;model_versions_used;output_checksum_chain,Offline tooling; do not run against external paid APIs in A6.5
DATA-S008,docs/AI医生/知识内容提取/提取脚本/download_icd10cm_chinese.py,download_icd10cm_chinese.py,DATA_EVALUATION,EXTRACTION_SCRIPT,PY,py/md/json,LEGACY_UNKNOWN,offline-extraction,UNASSIGNED,NO,UNKNOWN,UNKNOWN,MED,LOW,LOW,YES,NO,NO,YES,NO,UNKNOWN,UNKNOWN,UNKNOWN,NONE,NO,,KEEP_READ_ONLY,L1,A6.5-B,license-of-sources,P2,NEEDS_EVIDENCE,reproducibility;model_versions_used;output_checksum_chain,Offline tooling; do not run against external paid APIs in A6.5
DATA-S009,docs/AI医生/知识内容提取/提取脚本/extract_hpo_data.py,extract_hpo_data.py,DATA_EVALUATION,EXTRACTION_SCRIPT,PY,py/md/json,LEGACY_UNKNOWN,offline-extraction,UNASSIGNED,NO,UNKNOWN,UNKNOWN,MED,LOW,LOW,YES,NO,NO,YES,NO,UNKNOWN,UNKNOWN,UNKNOWN,NONE,NO,,KEEP_READ_ONLY,L1,A6.5-B,license-of-sources,P2,NEEDS_EVIDENCE,reproducibility;model_versions_used;output_checksum_chain,Offline tooling; do not run against external paid APIs in A6.5
DATA-S010,docs/AI医生/知识内容提取/提取脚本/extract_icd10cm_disease_catalog.py,extract_icd10cm_disease_catalog.py,DATA_EVALUATION,EXTRACTION_SCRIPT,PY,py/md/json,LEGACY_UNKNOWN,offline-extraction,UNASSIGNED,NO,UNKNOWN,UNKNOWN,MED,LOW,LOW,YES,NO,NO,YES,NO,UNKNOWN,UNKNOWN,UNKNOWN,NONE,NO,,KEEP_READ_ONLY,L1,A6.5-B,license-of-sources,P2,NEEDS_EVIDENCE,reproducibility;model_versions_used;output_checksum_chain,Offline tooling; do not run against external paid APIs in A6.5
DATA-S011,docs/AI医生/知识内容提取/提取脚本/merge_hpo_chinese.py,merge_hpo_chinese.py,DATA_EVALUATION,EXTRACTION_SCRIPT,PY,py/md/json,LEGACY_UNKNOWN,offline-extraction,UNASSIGNED,NO,UNKNOWN,UNKNOWN,MED,LOW,LOW,YES,NO,NO,YES,NO,UNKNOWN,UNKNOWN,UNKNOWN,NONE,NO,,KEEP_READ_ONLY,L1,A6.5-B,license-of-sources,P2,NEEDS_EVIDENCE,reproducibility;model_versions_used;output_checksum_chain,Offline tooling; do not run against external paid APIs in A6.5
DATA-S012,docs/AI医生/知识内容提取/提取脚本/merge_icd10cm_chinese.py,merge_icd10cm_chinese.py,DATA_EVALUATION,EXTRACTION_SCRIPT,PY,py/md/json,LEGACY_UNKNOWN,offline-extraction,UNASSIGNED,NO,UNKNOWN,UNKNOWN,MED,LOW,LOW,YES,NO,NO,YES,NO,UNKNOWN,UNKNOWN,UNKNOWN,NONE,NO,,KEEP_READ_ONLY,L1,A6.5-B,license-of-sources,P2,NEEDS_EVIDENCE,reproducibility;model_versions_used;output_checksum_chain,Offline tooling; do not run against external paid APIs in A6.5
DATA-S013,docs/AI医生/知识内容提取/提取脚本/parse_and_translate_icpc_xml.py,parse_and_translate_icpc_xml.py,DATA_EVALUATION,EXTRACTION_SCRIPT,PY,py/md/json,LEGACY_UNKNOWN,offline-extraction,UNASSIGNED,NO,UNKNOWN,UNKNOWN,MED,LOW,LOW,YES,NO,NO,YES,NO,UNKNOWN,UNKNOWN,UNKNOWN,NONE,NO,,KEEP_READ_ONLY,L1,A6.5-B,license-of-sources,P2,NEEDS_EVIDENCE,reproducibility;model_versions_used;output_checksum_chain,Offline tooling; do not run against external paid APIs in A6.5
DATA-S014,docs/AI医生/知识内容提取/提取脚本/parse_hp_zh_tsv_from_yuanshuju.py,parse_hp_zh_tsv_from_yuanshuju.py,DATA_EVALUATION,EXTRACTION_SCRIPT,PY,py/md/json,LEGACY_UNKNOWN,offline-extraction,UNASSIGNED,NO,UNKNOWN,UNKNOWN,MED,LOW,LOW,YES,NO,NO,YES,NO,UNKNOWN,UNKNOWN,UNKNOWN,NONE,NO,,KEEP_READ_ONLY,L1,A6.5-B,license-of-sources,P2,NEEDS_EVIDENCE,reproducibility;model_versions_used;output_checksum_chain,Offline tooling; do not run against external paid APIs in A6.5
DATA-S015,docs/AI医生/知识内容提取/提取脚本/parse_icd10cm_chinese.py,parse_icd10cm_chinese.py,DATA_EVALUATION,EXTRACTION_SCRIPT,PY,py/md/json,LEGACY_UNKNOWN,offline-extraction,UNASSIGNED,NO,UNKNOWN,UNKNOWN,MED,LOW,LOW,YES,NO,NO,YES,NO,UNKNOWN,UNKNOWN,UNKNOWN,NONE,NO,,KEEP_READ_ONLY,L1,A6.5-B,license-of-sources,P2,NEEDS_EVIDENCE,reproducibility;model_versions_used;output_checksum_chain,Offline tooling; do not run against external paid APIs in A6.5
DATA-S016,docs/AI医生/知识内容提取/提取脚本/README_AI翻译配置.md,README_AI翻译配置.md,DATA_EVALUATION,EXTRACTION_SCRIPT,MD,py/md/json,LEGACY_UNKNOWN,offline-extraction,UNASSIGNED,NO,UNKNOWN,UNKNOWN,MED,LOW,LOW,NO,NO,NO,YES,NO,UNKNOWN,UNKNOWN,UNKNOWN,NONE,NO,,KEEP_READ_ONLY,L1,A6.5-B,license-of-sources,P2,NEEDS_EVIDENCE,reproducibility;model_versions_used;output_checksum_chain,Offline tooling; do not run against external paid APIs in A6.5
DATA-S017,docs/AI医生/知识内容提取/提取脚本/README_ICPC_XML翻译.md,README_ICPC_XML翻译.md,DATA_EVALUATION,EXTRACTION_SCRIPT,MD,py/md/json,LEGACY_UNKNOWN,offline-extraction,UNASSIGNED,NO,UNKNOWN,UNKNOWN,MED,LOW,LOW,NO,NO,NO,YES,NO,UNKNOWN,UNKNOWN,UNKNOWN,NONE,NO,,KEEP_READ_ONLY,L1,A6.5-B,license-of-sources,P2,NEEDS_EVIDENCE,reproducibility;model_versions_used;output_checksum_chain,Offline tooling; do not run against external paid APIs in A6.5
DATA-S018,docs/AI医生/知识内容提取/提取脚本/README_ICPC翻译.md,README_ICPC翻译.md,DATA_EVALUATION,EXTRACTION_SCRIPT,MD,py/md/json,LEGACY_UNKNOWN,offline-extraction,UNASSIGNED,NO,UNKNOWN,UNKNOWN,MED,LOW,LOW,NO,NO,NO,YES,NO,UNKNOWN,UNKNOWN,UNKNOWN,NONE,NO,,KEEP_READ_ONLY,L1,A6.5-B,license-of-sources,P2,NEEDS_EVIDENCE,reproducibility;model_versions_used;output_checksum_chain,Offline tooling; do not run against external paid APIs in A6.5
DATA-S019,docs/AI医生/知识内容提取/提取脚本/requirements.txt,requirements.txt,DATA_EVALUATION,EXTRACTION_SCRIPT,TXT,py/md/json,LEGACY_UNKNOWN,offline-extraction,UNASSIGNED,NO,UNKNOWN,UNKNOWN,MED,LOW,LOW,NO,NO,NO,YES,NO,UNKNOWN,UNKNOWN,UNKNOWN,NONE,NO,,KEEP_READ_ONLY,L1,A6.5-B,license-of-sources,P2,NEEDS_EVIDENCE,reproducibility;model_versions_used;output_checksum_chain,Offline tooling; do not run against external paid APIs in A6.5
DATA-S020,docs/AI医生/知识内容提取/提取脚本/translate_icpc_chinese.py,translate_icpc_chinese.py,DATA_EVALUATION,EXTRACTION_SCRIPT,PY,py/md/json,LEGACY_UNKNOWN,offline-extraction,UNASSIGNED,NO,UNKNOWN,UNKNOWN,MED,LOW,LOW,YES,NO,NO,YES,NO,UNKNOWN,UNKNOWN,UNKNOWN,NONE,NO,,KEEP_READ_ONLY,L1,A6.5-B,license-of-sources,P2,NEEDS_EVIDENCE,reproducibility;model_versions_used;output_checksum_chain,Offline tooling; do not run against external paid APIs in A6.5
DATA-S021,docs/AI医生/知识内容提取/提取脚本/脚本说明/README_ICD10CM_疾病目录提取.md,README_ICD10CM_疾病目录提取.md,DATA_EVALUATION,EXTRACTION_SCRIPT,MD,py/md/json,LEGACY_UNKNOWN,offline-extraction,UNASSIGNED,NO,UNKNOWN,UNKNOWN,MED,LOW,LOW,NO,NO,NO,YES,NO,UNKNOWN,UNKNOWN,UNKNOWN,NONE,NO,,KEEP_READ_ONLY,L1,A6.5-B,license-of-sources,P2,NEEDS_EVIDENCE,reproducibility;model_versions_used;output_checksum_chain,Offline tooling; do not run against external paid APIs in A6.5
DATA-S022,docs/AI医生/知识内容提取/提取脚本/脚本说明/README_提取脚本.md,README_提取脚本.md,DATA_EVALUATION,EXTRACTION_SCRIPT,MD,py/md/json,LEGACY_UNKNOWN,offline-extraction,UNASSIGNED,NO,UNKNOWN,UNKNOWN,MED,LOW,LOW,NO,NO,NO,YES,NO,UNKNOWN,UNKNOWN,UNKNOWN,NONE,NO,,KEEP_READ_ONLY,L1,A6.5-B,license-of-sources,P2,NEEDS_EVIDENCE,reproducibility;model_versions_used;output_checksum_chain,Offline tooling; do not run against external paid APIs in A6.5
DATA-DR001,DRKnows-main/UMLS_refined_relations_DRKnows.csv,umls_refined_relations,DATA_EVALUATION,RESEARCH_ASSET,CSV,mixed,ORPHANED,research-only,UNASSIGNED,NO,UNKNOWN,UNKNOWN,MED,LOW,LOW,NO,NO,NO,YES,NO,UNKNOWN,UNKNOWN,UNKNOWN,NONE,NO,EVALUATE for graph enhancement; likely ARCHIVE,NEEDS_DECISION,L2,A6.5-B,license-review;reproducibility;graph-benefit,P1,NEEDS_EVIDENCE,license_terms;training_data_provenance;repro_env,Hardcoded local paths/CUDA likely; Coverage Matrix BLOCKED for Neo4j/DR.KNOWS
DATA-DR002,DRKnows-main/LICENSE,drknows_license,DATA_EVALUATION,RESEARCH_ASSET,TXT,mixed,ORPHANED,research-only,UNASSIGNED,NO,UNKNOWN,UNKNOWN,MED,LOW,LOW,NO,NO,NO,YES,NO,UNKNOWN,FILE_PRESENT_NEEDS_REVIEW,UNKNOWN,NONE,NO,EVALUATE for graph enhancement; likely ARCHIVE,ARCHIVE,L2,A6.5-B,license-review;reproducibility;graph-benefit,P0,NEEDS_LEGAL_REVIEW,license_terms;training_data_provenance;repro_env,Hardcoded local paths/CUDA likely; Coverage Matrix BLOCKED for Neo4j/DR.KNOWS
DATA-DR003,DRKnows-main/readme.md,drknows_readme,DATA_EVALUATION,RESEARCH_ASSET,MD,mixed,ORPHANED,research-only,UNASSIGNED,NO,UNKNOWN,UNKNOWN,MED,LOW,LOW,NO,NO,NO,YES,NO,UNKNOWN,UNKNOWN,UNKNOWN,NONE,NO,EVALUATE for graph enhancement; likely ARCHIVE,ARCHIVE,L2,A6.5-B,license-review;reproducibility;graph-benefit,P2,NEEDS_EVIDENCE,license_terms;training_data_provenance;repro_env,Hardcoded local paths/CUDA likely; Coverage Matrix BLOCKED for Neo4j/DR.KNOWS
DATA-DR004,DRKnows-main/extract_paths_training.py,extract_paths_training,DATA_EVALUATION,RESEARCH_ASSET,PY,mixed,ORPHANED,research-only,UNASSIGNED,NO,UNKNOWN,UNKNOWN,MED,LOW,LOW,NO,NO,NO,YES,NO,UNKNOWN,UNKNOWN,UNKNOWN,NONE,NO,EVALUATE for graph enhancement; likely ARCHIVE,ARCHIVE,L2,A6.5-B,license-review;reproducibility;graph-benefit,P2,NEEDS_EVIDENCE,license_terms;training_data_provenance;repro_env,Hardcoded local paths/CUDA likely; Coverage Matrix BLOCKED for Neo4j/DR.KNOWS
DATA-DR005,DRKnows-main/trainer_stack_mpi.py,trainer_stack_mpi,DATA_EVALUATION,RESEARCH_ASSET,PY,mixed,ORPHANED,research-only,UNASSIGNED,NO,UNKNOWN,UNKNOWN,MED,LOW,LOW,NO,NO,NO,YES,NO,UNKNOWN,UNKNOWN,UNKNOWN,NONE,NO,EVALUATE for graph enhancement; likely ARCHIVE,ARCHIVE,L2,A6.5-B,license-review;reproducibility;graph-benefit,P2,NEEDS_EVIDENCE,license_terms;training_data_provenance;repro_env,Hardcoded local paths/CUDA likely; Coverage Matrix BLOCKED for Neo4j/DR.KNOWS
DATA-DR006,DRKnows-main/test_stack.py,test_stack,DATA_EVALUATION,RESEARCH_ASSET,PY,mixed,ORPHANED,research-only,UNASSIGNED,NO,UNKNOWN,UNKNOWN,MED,LOW,LOW,NO,NO,NO,YES,NO,UNKNOWN,UNKNOWN,UNKNOWN,NONE,NO,EVALUATE for graph enhancement; likely ARCHIVE,ARCHIVE,L2,A6.5-B,license-review;reproducibility;graph-benefit,P2,NEEDS_EVIDENCE,license_terms;training_data_provenance;repro_env,Hardcoded local paths/CUDA likely; Coverage Matrix BLOCKED for Neo4j/DR.KNOWS
DATA-EV001,docs/AI医生/项目文档/12.性能与评估/评估验证体系.md [static_case_eval_suite MISSING_DATASET],static_case_eval_suite,DATA_EVALUATION,EVAL_SUITE,MISSING,n/a,ORPHANED,none,UNASSIGNED,NO,UNKNOWN,UNKNOWN,HIGH,MED,MED,NO,NO,NO,NO,NO,UNKNOWN,UNKNOWN,UNKNOWN,NONE,NO,,NEEDS_DECISION,L0,A6.5-D,dataset-location;synthetic-only-policy,P1,NEEDS_EVIDENCE,locate_or_declare_absent;synthetic_fixture_plan,Documented in Coverage Matrix; concrete suite files NOT FOUND in repo scan
DATA-EV002,docs/AI医生/项目文档/12.性能与评估/评估验证体系.md [interactive_interview_eval_suite MISSING_DATASET],interactive_interview_eval_suite,DATA_EVALUATION,EVAL_SUITE,MISSING,n/a,ORPHANED,none,UNASSIGNED,NO,UNKNOWN,UNKNOWN,HIGH,MED,MED,NO,NO,NO,NO,NO,UNKNOWN,UNKNOWN,UNKNOWN,NONE,NO,,NEEDS_DECISION,L0,A6.5-D,dataset-location;synthetic-only-policy,P1,NEEDS_EVIDENCE,locate_or_declare_absent;synthetic_fixture_plan,Documented; concrete suite files NOT FOUND
DATA-EV003,docs/AI医生/项目文档/12.性能与评估/评估验证体系.md [trajectory_replay_eval_suite MISSING_DATASET],trajectory_replay_eval_suite,DATA_EVALUATION,EVAL_SUITE,MISSING,n/a,ORPHANED,none,UNASSIGNED,NO,UNKNOWN,UNKNOWN,HIGH,MED,MED,NO,NO,NO,NO,NO,UNKNOWN,UNKNOWN,UNKNOWN,NONE,NO,,NEEDS_DECISION,L0,A6.5-D,dataset-location;synthetic-only-policy,P1,NEEDS_EVIDENCE,locate_or_declare_absent;synthetic_fixture_plan,Documented; concrete suite files NOT FOUND
DATA-KG001,knowledge-management-service/app/services/schema_service.py,neo4j_schema_service,CLINICAL_KNOWLEDGE,KG_RUNTIME_CODE,PY,py,LEGACY_ACTIVE,knowledge-management-service,UNASSIGNED,NO,UNKNOWN,UNKNOWN,HIGH,HIGH,MED,NO,YES,NO,YES,NO,UNKNOWN,UNKNOWN,UNKNOWN,NONE,NO,,NEEDS_DECISION,L2,A6.5-B,graph-data-evidence;license;clinical-benefit,P1,NEEDS_HUMAN_DECISION,graph_population_evidence;benefit_report;fail_closed_behavior,A4: CODE_CONFIRMED schema; no non-zero import evidence
DATA-KG002,knowledge-management-service/app/utils/neo4j_client.py,neo4j_client,CLINICAL_KNOWLEDGE,KG_RUNTIME_CODE,PY,py,LEGACY_ACTIVE,knowledge-management-service,UNASSIGNED,NO,UNKNOWN,UNKNOWN,HIGH,HIGH,MED,NO,YES,NO,YES,NO,UNKNOWN,UNKNOWN,UNKNOWN,NONE,NO,,NEEDS_DECISION,L2,A6.5-B,graph-data-evidence;license;clinical-benefit,P1,NEEDS_HUMAN_DECISION,graph_population_evidence;benefit_report;fail_closed_behavior,A4: CODE_CONFIRMED schema; no non-zero import evidence
DATA-KG003,knowledge-management-service/app/services/kg_import_service.py,kg_import_service,CLINICAL_KNOWLEDGE,KG_RUNTIME_CODE,PY,py,LEGACY_ACTIVE,knowledge-management-service,UNASSIGNED,NO,UNKNOWN,UNKNOWN,HIGH,HIGH,MED,NO,YES,NO,YES,NO,UNKNOWN,UNKNOWN,UNKNOWN,NONE,NO,,NEEDS_DECISION,L2,A6.5-B,graph-data-evidence;license;clinical-benefit,P1,NEEDS_HUMAN_DECISION,graph_population_evidence;benefit_report;fail_closed_behavior,A4: CODE_CONFIRMED schema; no non-zero import evidence
DATA-KG004,diagnosis-engine-service/app/kg-reasoning-engine/path_retriever.py,path_retriever,CLINICAL_KNOWLEDGE,KG_RUNTIME_CODE,PY,py,LEGACY_ACTIVE,diagnosis-engine-service,UNASSIGNED,NO,UNKNOWN,UNKNOWN,HIGH,HIGH,MED,NO,YES,NO,YES,NO,UNKNOWN,UNKNOWN,UNKNOWN,NONE,NO,,NEEDS_DECISION,L2,A6.5-B,graph-data-evidence;license;clinical-benefit,P0,NEEDS_HUMAN_DECISION,graph_population_evidence;benefit_report;fail_closed_behavior,A4: CODE_CONFIRMED schema; no non-zero import evidence
DATA-KG005,diagnosis-engine-service/app/kg-reasoning-engine/path_injector.py,path_injector,CLINICAL_KNOWLEDGE,KG_RUNTIME_CODE,PY,py,LEGACY_ACTIVE,diagnosis-engine-service,UNASSIGNED,NO,UNKNOWN,UNKNOWN,HIGH,HIGH,MED,NO,YES,NO,YES,NO,UNKNOWN,UNKNOWN,UNKNOWN,NONE,NO,,NEEDS_DECISION,L2,A6.5-B,graph-data-evidence;license;clinical-benefit,P0,NEEDS_HUMAN_DECISION,graph_population_evidence;benefit_report;fail_closed_behavior,A4: CODE_CONFIRMED schema; no non-zero import evidence
DATA-KG006,diagnosis-engine-service/app/kg-reasoning-engine/kg_reasoning_engine.py,kg_reasoning_engine,CLINICAL_KNOWLEDGE,KG_RUNTIME_CODE,PY,py,LEGACY_ACTIVE,diagnosis-engine-service,UNASSIGNED,NO,UNKNOWN,UNKNOWN,HIGH,HIGH,MED,NO,YES,NO,YES,NO,UNKNOWN,UNKNOWN,UNKNOWN,NONE,NO,,NEEDS_DECISION,L2,A6.5-B,graph-data-evidence;license;clinical-benefit,P0,NEEDS_HUMAN_DECISION,graph_population_evidence;benefit_report;fail_closed_behavior,A4: CODE_CONFIRMED schema; no non-zero import evidence
WF-001,diagnosis-service/src/main/java/com/aidoctor/diagnosis/service/orchestration/DiagnosisWorkflowOrchestrator.java,DiagnosisWorkflowOrchestrator,WORKFLOW_STATE,WORKFLOW_OR_STATE,JAVA,java/sql,LEGACY_ACTIVE,diagnosis-service,UNASSIGNED,CANDIDATE,UNKNOWN,UNKNOWN,MED,HIGH,HIGH,NO,NO,NO,NO,NO,UNKNOWN,UNKNOWN,UNKNOWN,NONE,NO,Shared Contracts / State Committer / Observability (future mapping),ADAPT,L3,A6.5-C,a5-contracts;state-committer;phi-review,P0,NEEDS_EVIDENCE,behavior_map;write_path_inventory;fail_closed_matrix,Do not delete before A6.5 validation; A4 already mapped many CDP access paths
WF-002,diagnosis-service/src/main/java/com/aidoctor/diagnosis/agent/AgentLoop.java,AgentLoop,WORKFLOW_STATE,WORKFLOW_OR_STATE,JAVA,java/sql,LEGACY_ACTIVE,diagnosis-service,UNASSIGNED,CANDIDATE,UNKNOWN,UNKNOWN,MED,HIGH,HIGH,NO,NO,NO,NO,NO,UNKNOWN,UNKNOWN,UNKNOWN,NONE,NO,Shared Contracts / State Committer / Observability (future mapping),ADAPT,L3,A6.5-C,a5-contracts;state-committer;phi-review,P0,NEEDS_EVIDENCE,behavior_map;write_path_inventory;fail_closed_matrix,Do not delete before A6.5 validation; A4 already mapped many CDP access paths
WF-003,diagnosis-service/src/main/java/com/aidoctor/diagnosis/agent/ClinicalAgentBrain.java,ClinicalAgentBrain,WORKFLOW_STATE,WORKFLOW_OR_STATE,JAVA,java/sql,LEGACY_ACTIVE,diagnosis-service,UNASSIGNED,CANDIDATE,UNKNOWN,UNKNOWN,HIGH,HIGH,HIGH,NO,NO,NO,NO,NO,UNKNOWN,UNKNOWN,UNKNOWN,NONE,NO,Shared Contracts / State Committer / Observability (future mapping),ADAPT,L3,A6.5-C,a5-contracts;state-committer;phi-review,P0,NEEDS_EVIDENCE,behavior_map;write_path_inventory;fail_closed_matrix,Do not delete before A6.5 validation; A4 already mapped many CDP access paths
WF-004,diagnosis-service/src/main/java/com/aidoctor/diagnosis/entity/CDP.java,CDP_entity,WORKFLOW_STATE,WORKFLOW_OR_STATE,JAVA,java/sql,LEGACY_ACTIVE,diagnosis-service,UNASSIGNED,CANDIDATE,UNKNOWN,UNKNOWN,MED,HIGH,HIGH,NO,NO,NO,NO,YES,UNKNOWN,UNKNOWN,UNKNOWN,NONE,NO,Shared Contracts / State Committer / Observability (future mapping),ADAPT,L3,A6.5-C,a5-contracts;state-committer;phi-review,P0,NEEDS_EVIDENCE,behavior_map;write_path_inventory;fail_closed_matrix,Do not delete before A6.5 validation; A4 already mapped many CDP access paths
WF-005,diagnosis-service/src/main/java/com/aidoctor/diagnosis/entity/CDPVersion.java,CDPVersion_entity,WORKFLOW_STATE,WORKFLOW_OR_STATE,JAVA,java/sql,LEGACY_ACTIVE,diagnosis-service,UNASSIGNED,CANDIDATE,UNKNOWN,UNKNOWN,MED,HIGH,HIGH,NO,NO,NO,NO,YES,UNKNOWN,UNKNOWN,UNKNOWN,NONE,NO,Shared Contracts / State Committer / Observability (future mapping),ADAPT,L3,A6.5-C,a5-contracts;state-committer;phi-review,P0,NEEDS_EVIDENCE,behavior_map;write_path_inventory;fail_closed_matrix,Do not delete before A6.5 validation; A4 already mapped many CDP access paths
WF-006,diagnosis-service/src/main/java/com/aidoctor/diagnosis/entity/AgentState.java,AgentState_entity,WORKFLOW_STATE,WORKFLOW_OR_STATE,JAVA,java/sql,LEGACY_ACTIVE,diagnosis-service,UNASSIGNED,CANDIDATE,UNKNOWN,UNKNOWN,MED,HIGH,HIGH,NO,NO,NO,NO,YES,UNKNOWN,UNKNOWN,UNKNOWN,NONE,NO,Shared Contracts / State Committer / Observability (future mapping),ADAPT,L3,A6.5-C,a5-contracts;state-committer;phi-review,P0,NEEDS_EVIDENCE,behavior_map;write_path_inventory;fail_closed_matrix,Do not delete before A6.5 validation; A4 already mapped many CDP access paths
WF-007,diagnosis-service/src/main/java/com/aidoctor/diagnosis/entity/AuditTrail.java,AuditTrail_entity,WORKFLOW_STATE,WORKFLOW_OR_STATE,JAVA,java/sql,LEGACY_ACTIVE,diagnosis-service,UNASSIGNED,CANDIDATE,UNKNOWN,UNKNOWN,MED,HIGH,HIGH,NO,NO,NO,NO,YES,UNKNOWN,UNKNOWN,UNKNOWN,NONE,NO,Shared Contracts / State Committer / Observability (future mapping),ADAPT,L3,A6.5-C,a5-contracts;state-committer;phi-review,P0,NEEDS_EVIDENCE,behavior_map;write_path_inventory;fail_closed_matrix,Do not delete before A6.5 validation; A4 already mapped many CDP access paths
WF-008,diagnosis-service/src/main/java/com/aidoctor/diagnosis/service/cdp/CDPManager.java,CDPManager,WORKFLOW_STATE,WORKFLOW_OR_STATE,JAVA,java/sql,LEGACY_ACTIVE,diagnosis-service,UNASSIGNED,CANDIDATE,UNKNOWN,UNKNOWN,MED,HIGH,HIGH,NO,NO,NO,NO,YES,UNKNOWN,UNKNOWN,UNKNOWN,NONE,NO,Shared Contracts / State Committer / Observability (future mapping),ADAPT,L3,A6.5-C,a5-contracts;state-committer;phi-review,P0,NEEDS_EVIDENCE,behavior_map;write_path_inventory;fail_closed_matrix,Do not delete before A6.5 validation; A4 already mapped many CDP access paths
WF-009,diagnosis-service/src/main/java/com/aidoctor/diagnosis/service/agent_state/AgentStateManager.java,AgentStateManager,WORKFLOW_STATE,WORKFLOW_OR_STATE,JAVA,java/sql,LEGACY_ACTIVE,diagnosis-service,UNASSIGNED,CANDIDATE,UNKNOWN,UNKNOWN,MED,HIGH,HIGH,NO,NO,NO,NO,YES,UNKNOWN,UNKNOWN,UNKNOWN,NONE,NO,Shared Contracts / State Committer / Observability (future mapping),ADAPT,L3,A6.5-C,a5-contracts;state-committer;phi-review,P0,NEEDS_EVIDENCE,behavior_map;write_path_inventory;fail_closed_matrix,Do not delete before A6.5 validation; A4 already mapped many CDP access paths
WF-010,diagnosis-service/src/main/java/com/aidoctor/diagnosis/aspect/ExecutionTraceAspect.java,ExecutionTraceAspect,WORKFLOW_STATE,WORKFLOW_OR_STATE,JAVA,java/sql,LEGACY_ACTIVE,diagnosis-service,UNASSIGNED,CANDIDATE,UNKNOWN,UNKNOWN,MED,HIGH,HIGH,NO,NO,NO,NO,YES,UNKNOWN,UNKNOWN,UNKNOWN,NONE,NO,Shared Contracts / State Committer / Observability (future mapping),ADAPT,L3,A6.5-C,a5-contracts;state-committer;phi-review,P0,NEEDS_EVIDENCE,behavior_map;write_path_inventory;fail_closed_matrix,Do not delete before A6.5 validation; A4 already mapped many CDP access paths
WF-011,diagnosis-service/src/main/java/com/aidoctor/diagnosis/annotation/TraceExecution.java,TraceExecution,WORKFLOW_STATE,WORKFLOW_OR_STATE,JAVA,java/sql,LEGACY_ACTIVE,diagnosis-service,UNASSIGNED,CANDIDATE,UNKNOWN,UNKNOWN,MED,HIGH,HIGH,NO,NO,NO,NO,YES,UNKNOWN,UNKNOWN,UNKNOWN,NONE,NO,Shared Contracts / State Committer / Observability (future mapping),ADAPT,L3,A6.5-C,a5-contracts;state-committer;phi-review,P1,NEEDS_EVIDENCE,behavior_map;write_path_inventory;fail_closed_matrix,Do not delete before A6.5 validation; A4 already mapped many CDP access paths
WF-012,diagnosis-service/src/main/java/com/aidoctor/diagnosis/config/FeignTraceInterceptor.java,FeignTraceInterceptor,WORKFLOW_STATE,WORKFLOW_OR_STATE,JAVA,java/sql,LEGACY_ACTIVE,diagnosis-service,UNASSIGNED,CANDIDATE,UNKNOWN,UNKNOWN,MED,HIGH,HIGH,NO,NO,NO,NO,YES,UNKNOWN,UNKNOWN,UNKNOWN,NONE,NO,Shared Contracts / State Committer / Observability (future mapping),ADAPT,L3,A6.5-C,a5-contracts;state-committer;phi-review,P1,NEEDS_EVIDENCE,behavior_map;write_path_inventory;fail_closed_matrix,Do not delete before A6.5 validation; A4 already mapped many CDP access paths
WF-013,execution-trace-service/src/main/java/com/aidoctor/trace/entity/ExecutionTrace.java,ExecutionTrace_entity,WORKFLOW_STATE,WORKFLOW_OR_STATE,JAVA,java/sql,LEGACY_ACTIVE,diagnosis-service,UNASSIGNED,CANDIDATE,UNKNOWN,UNKNOWN,MED,HIGH,HIGH,NO,NO,NO,NO,YES,UNKNOWN,UNKNOWN,UNKNOWN,NONE,NO,Shared Contracts / State Committer / Observability (future mapping),ADAPT,L3,A6.5-C,a5-contracts;state-committer;phi-review,P0,NEEDS_EVIDENCE,behavior_map;write_path_inventory;fail_closed_matrix,Do not delete before A6.5 validation; A4 already mapped many CDP access paths
WF-014,diagnosis-service/src/main/resources/db/migration/V1__create_agent_state_and_audit_trail.sql,agent_state_audit_migration,WORKFLOW_STATE,WORKFLOW_OR_STATE,SQL,java/sql,LEGACY_ACTIVE,diagnosis-service,UNASSIGNED,CANDIDATE,UNKNOWN,UNKNOWN,MED,HIGH,HIGH,NO,NO,NO,NO,NO,UNKNOWN,UNKNOWN,UNKNOWN,NONE,NO,Shared Contracts / State Committer / Observability (future mapping),ADAPT,L3,A6.5-C,a5-contracts;state-committer;phi-review,P1,NEEDS_EVIDENCE,behavior_map;write_path_inventory;fail_closed_matrix,Do not delete before A6.5 validation; A4 already mapped many CDP access paths
WF-015,diagnosis-service/src/main/java/com/aidoctor/diagnosis/dto/tool/ToolContext.java,ToolContext,WORKFLOW_STATE,WORKFLOW_OR_STATE,JAVA,java/sql,LEGACY_ACTIVE,diagnosis-service,UNASSIGNED,CANDIDATE,UNKNOWN,UNKNOWN,MED,HIGH,HIGH,NO,NO,NO,NO,NO,UNKNOWN,UNKNOWN,UNKNOWN,NONE,NO,Shared Contracts / State Committer / Observability (future mapping),ADAPT,L3,A6.5-C,a5-contracts;state-committer;phi-review,P0,NEEDS_EVIDENCE,behavior_map;write_path_inventory;fail_closed_matrix,Do not delete before A6.5 validation; A4 already mapped many CDP access paths
WF-016,diagnosis-service/src/main/java/com/aidoctor/diagnosis/dto/tool/ToolResult.java,ToolResult,WORKFLOW_STATE,WORKFLOW_OR_STATE,JAVA,java/sql,LEGACY_ACTIVE,diagnosis-service,UNASSIGNED,CANDIDATE,UNKNOWN,UNKNOWN,MED,HIGH,HIGH,NO,NO,NO,NO,NO,UNKNOWN,UNKNOWN,UNKNOWN,NONE,NO,Shared Contracts / State Committer / Observability (future mapping),ADAPT,L3,A6.5-C,a5-contracts;state-committer;phi-review,P0,NEEDS_EVIDENCE,behavior_map;write_path_inventory;fail_closed_matrix,Do not delete before A6.5 validation; A4 already mapped many CDP access paths
WF-017,diagnosis-service/src/main/java/com/aidoctor/diagnosis/dto/conclusion/ConclusionPackage.java,ConclusionPackage,WORKFLOW_STATE,WORKFLOW_OR_STATE,JAVA,java/sql,LEGACY_ACTIVE,diagnosis-service,UNASSIGNED,CANDIDATE,UNKNOWN,UNKNOWN,HIGH,HIGH,HIGH,NO,NO,NO,NO,NO,UNKNOWN,UNKNOWN,UNKNOWN,NONE,NO,Shared Contracts / State Committer / Observability (future mapping),ADAPT,L3,A6.5-C,a5-contracts;state-committer;phi-review,P1,NEEDS_EVIDENCE,behavior_map;write_path_inventory;fail_closed_matrix,Do not delete before A6.5 validation; A4 already mapped many CDP access paths
CTR-001,diagnosis-service/src/main/java/com/aidoctor/diagnosis/dto,java_dto_tree,API_CONTRACT,DTO_OR_API,DIR,mixed,LEGACY_ACTIVE,diagnosis-service,UNASSIGNED,NO,UNKNOWN,UNKNOWN,MED,HIGH,HIGH,NO,NO,NO,NO,NO,UNKNOWN,UNKNOWN,UNKNOWN,NONE,NO,contracts/v1 mapping (A5 already established as target),MAP,L3,A6.5-C,field_diff;enum_diff,P1,NEEDS_EVIDENCE,contract_diff_matrix;consumer_list,Directory/tree summary with critical files to expand in A6.5-C
CTR-002,dialog-service/app/models,dialog_pydantic_models,API_CONTRACT,DTO_OR_API,DIR,mixed,LEGACY_ACTIVE,dialog-service,UNASSIGNED,NO,UNKNOWN,UNKNOWN,MED,HIGH,HIGH,NO,NO,NO,NO,NO,UNKNOWN,UNKNOWN,UNKNOWN,NONE,NO,contracts/v1 mapping (A5 already established as target),MAP,L3,A6.5-C,field_diff;enum_diff,P1,NEEDS_EVIDENCE,contract_diff_matrix;consumer_list,Directory/tree summary with critical files to expand in A6.5-C
CTR-003,explanation-service/app/models,explanation_pydantic_models,API_CONTRACT,DTO_OR_API,DIR,mixed,LEGACY_ACTIVE,explanation-service,UNASSIGNED,NO,UNKNOWN,UNKNOWN,MED,HIGH,HIGH,NO,NO,NO,NO,NO,UNKNOWN,UNKNOWN,UNKNOWN,NONE,NO,contracts/v1 mapping (A5 already established as target),MAP,L3,A6.5-C,field_diff;enum_diff,P1,NEEDS_EVIDENCE,contract_diff_matrix;consumer_list,Directory/tree summary with critical files to expand in A6.5-C
CTR-004,clinical-parsing-service/app/models,clinical_parsing_models,API_CONTRACT,DTO_OR_API,DIR,mixed,LEGACY_ACTIVE,clinical-parsing-service,UNASSIGNED,NO,UNKNOWN,UNKNOWN,MED,HIGH,HIGH,NO,NO,NO,NO,NO,UNKNOWN,UNKNOWN,UNKNOWN,NONE,NO,contracts/v1 mapping (A5 already established as target),MAP,L3,A6.5-C,field_diff;enum_diff,P1,NEEDS_EVIDENCE,contract_diff_matrix;consumer_list,Directory/tree summary with critical files to expand in A6.5-C
CTR-005,frontend/src/types/diagnosis.ts,frontend_diagnosis_types,API_CONTRACT,DTO_OR_API,TS,mixed,LEGACY_ACTIVE,frontend,UNASSIGNED,NO,UNKNOWN,UNKNOWN,MED,HIGH,HIGH,NO,NO,NO,NO,NO,UNKNOWN,UNKNOWN,UNKNOWN,NONE,NO,contracts/v1 mapping (A5 already established as target),MAP,L3,A6.5-C,field_diff;enum_diff,P1,NEEDS_EVIDENCE,contract_diff_matrix;consumer_list,Directory/tree summary with critical files to expand in A6.5-C
CTR-006,frontend/src/services/diagnosisApi.ts,frontend_diagnosis_api,API_CONTRACT,DTO_OR_API,TS,mixed,LEGACY_ACTIVE,frontend,UNASSIGNED,NO,UNKNOWN,UNKNOWN,MED,HIGH,HIGH,NO,NO,NO,NO,NO,UNKNOWN,UNKNOWN,UNKNOWN,NONE,NO,contracts/v1 mapping (A5 already established as target),MAP,L3,A6.5-C,field_diff;enum_diff,P1,NEEDS_EVIDENCE,contract_diff_matrix;consumer_list,Directory/tree summary with critical files to expand in A6.5-C
CTR-007,frontend-admin/src/types/trace.ts,admin_trace_types,API_CONTRACT,DTO_OR_API,TS,mixed,LEGACY_ACTIVE,frontend-admin,UNASSIGNED,NO,UNKNOWN,UNKNOWN,MED,HIGH,HIGH,NO,NO,NO,NO,NO,UNKNOWN,UNKNOWN,UNKNOWN,NONE,NO,contracts/v1 mapping (A5 already established as target),MAP,L3,A6.5-C,field_diff;enum_diff,P1,NEEDS_EVIDENCE,contract_diff_matrix;consumer_list,Directory/tree summary with critical files to expand in A6.5-C
CTR-008,frontend-admin/src/services/traceApi.ts,admin_trace_api,API_CONTRACT,DTO_OR_API,TS,mixed,LEGACY_ACTIVE,frontend-admin,UNASSIGNED,NO,UNKNOWN,UNKNOWN,MED,HIGH,HIGH,NO,NO,NO,NO,NO,UNKNOWN,UNKNOWN,UNKNOWN,NONE,NO,contracts/v1 mapping (A5 already established as target),MAP,L3,A6.5-C,field_diff;enum_diff,P1,NEEDS_EVIDENCE,contract_diff_matrix;consumer_list,Directory/tree summary with critical files to expand in A6.5-C
CTR-009,docs/refactoring/evidence/phase-a/a2/python-cdp-access-inventory.csv,python_cdp_access_inventory,API_CONTRACT,DTO_OR_API,CSV,mixed,LEGACY_ACTIVE,docs,UNASSIGNED,NO,UNKNOWN,UNKNOWN,MED,HIGH,HIGH,NO,NO,NO,NO,NO,UNKNOWN,UNKNOWN,UNKNOWN,NONE,NO,contracts/v1 mapping (A5 already established as target),MAP,L3,A6.5-C,field_diff;enum_diff,P1,NEEDS_EVIDENCE,contract_diff_matrix;consumer_list,Directory/tree summary with critical files to expand in A6.5-C
ENG-001,docker-compose.yml,root_compose,ENGINEERING,DEPLOY_OR_OPS,YML,ops,LEGACY_ACTIVE,ops,UNASSIGNED,NO,UNKNOWN,UNKNOWN,LOW,HIGH,LOW,NO,NO,NO,NO,NO,UNKNOWN,UNKNOWN,UNKNOWN,NONE,NO,,ADAPT,L1,A6.5-B,security-review,P1,NEEDS_SECURITY_REVIEW,secret_scan;phi_filter;dependency_pinning,dev credentials/persistence; no healthchecks noted in A3
ENG-002,monitoring/docker-compose.yml,monitoring_compose,ENGINEERING,DEPLOY_OR_OPS,YML,ops,LEGACY_ACTIVE,ops,UNASSIGNED,NO,UNKNOWN,UNKNOWN,LOW,HIGH,LOW,NO,NO,NO,NO,NO,UNKNOWN,UNKNOWN,UNKNOWN,NONE,NO,,ADAPT,L1,A6.5-B,security-review,P1,NEEDS_SECURITY_REVIEW,secret_scan;phi_filter;dependency_pinning,default creds/host mounts risks
ENG-003,monitoring/prometheus.yml,prometheus_config,ENGINEERING,DEPLOY_OR_OPS,YML,ops,LEGACY_ACTIVE,ops,UNASSIGNED,NO,UNKNOWN,UNKNOWN,LOW,HIGH,LOW,NO,NO,NO,NO,NO,UNKNOWN,UNKNOWN,UNKNOWN,NONE,NO,,ADAPT,L1,A6.5-B,security-review,P2,NEEDS_EVIDENCE,secret_scan;phi_filter;dependency_pinning,observability
ENG-004,scripts/start_services.sh,start_services,ENGINEERING,DEPLOY_OR_OPS,SH,ops,LEGACY_ACTIVE,ops,UNASSIGNED,NO,UNKNOWN,UNKNOWN,LOW,HIGH,LOW,NO,NO,NO,NO,NO,UNKNOWN,UNKNOWN,UNKNOWN,NONE,NO,,ADAPT,L1,A6.5-B,security-review,P2,NEEDS_EVIDENCE,secret_scan;phi_filter;dependency_pinning,legacy entry
ENG-005,scripts/services_config.json,services_config,ENGINEERING,DEPLOY_OR_OPS,JSON,ops,LEGACY_ACTIVE,ops,UNASSIGNED,NO,UNKNOWN,UNKNOWN,LOW,HIGH,LOW,NO,NO,NO,NO,NO,UNKNOWN,UNKNOWN,UNKNOWN,NONE,NO,,ADAPT,L1,A6.5-B,security-review,P2,NEEDS_EVIDENCE,secret_scan;phi_filter;dependency_pinning,legacy entry
ENG-006,common/aidoctor_trace/trace_decorator.py,python_trace_decorator,ENGINEERING,DEPLOY_OR_OPS,PY,ops,LEGACY_ACTIVE,ops,UNASSIGNED,NO,UNKNOWN,UNKNOWN,LOW,HIGH,LOW,NO,NO,NO,NO,YES,UNKNOWN,UNKNOWN,UNKNOWN,NONE,NO,,ADAPT,L1,A6.5-B,security-review,P1,NEEDS_SECURITY_REVIEW,secret_scan;phi_filter;dependency_pinning,PHI-capable tracing
ENG-007,common/aidoctor_logger/logger.py,common_logger,ENGINEERING,DEPLOY_OR_OPS,PY,ops,LEGACY_ACTIVE,ops,UNASSIGNED,NO,UNKNOWN,UNKNOWN,LOW,HIGH,LOW,NO,NO,NO,NO,YES,UNKNOWN,UNKNOWN,UNKNOWN,NONE,NO,,ADAPT,L1,A6.5-B,security-review,P1,NEEDS_SECURITY_REVIEW,secret_scan;phi_filter;dependency_pinning,log PHI risk
PHI-001,diagnosis-service runtime DB entities CDP/DiagnosisRecord/etc,runtime_clinical_db_tables,DATA_EVALUATION,PHI_CAPABLE_RUNTIME_PATH,RUNTIME,n/a,LEGACY_ACTIVE,production-capable-services,UNASSIGNED,NO,UNKNOWN,UNKNOWN,HIGH,HIGH,MED,NO,NO,NO,NO,YES,UNKNOWN,UNKNOWN,UNKNOWN,NONE,NO,,QUARANTINE,L2,A6.5-A,privacy-review;security-review;no_content_inspection_without_auth,P0,NEEDS_SECURITY_REVIEW,live_store_access_policy;retention;redaction;access_log,FLAGGED POTENTIAL_REAL_PATIENT_DATA capability; no sample content inspected or copied; Runtime DB stores; static repo scan found no patient rows; still PHI-capable
PHI-002,examination-service uploads/reports/{userId}/,examination_uploads_path,DATA_EVALUATION,PHI_CAPABLE_RUNTIME_PATH,RUNTIME,n/a,LEGACY_ACTIVE,production-capable-services,UNASSIGNED,NO,UNKNOWN,UNKNOWN,HIGH,HIGH,MED,NO,NO,NO,NO,YES,UNKNOWN,UNKNOWN,UNKNOWN,NONE,NO,,QUARANTINE,L2,A6.5-A,privacy-review;security-review;no_content_inspection_without_auth,P0,NEEDS_SECURITY_REVIEW,live_store_access_policy;retention;redaction;access_log,FLAGGED POTENTIAL_REAL_PATIENT_DATA capability; no sample content inspected or copied; File upload path pattern; POTENTIAL_REAL_PATIENT_DATA if populated
PHI-003,dialog-service Redis key dialog:context:{cdp_id},dialog_redis_context,DATA_EVALUATION,PHI_CAPABLE_RUNTIME_PATH,RUNTIME,n/a,LEGACY_ACTIVE,production-capable-services,UNASSIGNED,NO,UNKNOWN,UNKNOWN,HIGH,HIGH,MED,NO,NO,NO,NO,YES,UNKNOWN,UNKNOWN,UNKNOWN,NONE,NO,,QUARANTINE,L2,A6.5-A,privacy-review;security-review;no_content_inspection_without_auth,P0,NEEDS_SECURITY_REVIEW,live_store_access_policy;retention;redaction;access_log,FLAGGED POTENTIAL_REAL_PATIENT_DATA capability; no sample content inspected or copied; TTL 1800; in-memory fallback without TTL
PHI-004,ocr-service input/output buffers,ocr_phi_buffers,DATA_EVALUATION,PHI_CAPABLE_RUNTIME_PATH,RUNTIME,n/a,LEGACY_ACTIVE,production-capable-services,UNASSIGNED,NO,UNKNOWN,UNKNOWN,HIGH,HIGH,MED,NO,NO,NO,NO,YES,UNKNOWN,UNKNOWN,UNKNOWN,NONE,NO,,QUARANTINE,L2,A6.5-A,privacy-review;security-review;no_content_inspection_without_auth,P0,NEEDS_SECURITY_REVIEW,live_store_access_policy;retention;redaction;access_log,FLAGGED POTENTIAL_REAL_PATIENT_DATA capability; no sample content inspected or copied; OCR processes uploaded clinical documents
PHI-005,execution-trace-service ExecutionTrace store,trace_store_phi,DATA_EVALUATION,PHI_CAPABLE_RUNTIME_PATH,RUNTIME,n/a,LEGACY_ACTIVE,production-capable-services,UNASSIGNED,NO,UNKNOWN,UNKNOWN,HIGH,HIGH,MED,NO,NO,NO,NO,YES,UNKNOWN,UNKNOWN,UNKNOWN,NONE,NO,,QUARANTINE,L2,A6.5-A,privacy-review;security-review;no_content_inspection_without_auth,P0,NEEDS_SECURITY_REVIEW,live_store_access_policy;retention;redaction;access_log,FLAGGED POTENTIAL_REAL_PATIENT_DATA capability; no sample content inspected or copied; Trace may capture inputs/outputs
PHI-006,frontend/src/components/cdp-visualization/,frontend_raw_cdp_view,DATA_EVALUATION,PHI_CAPABLE_RUNTIME_PATH,RUNTIME,n/a,LEGACY_ACTIVE,production-capable-services,UNASSIGNED,NO,UNKNOWN,UNKNOWN,HIGH,HIGH,MED,NO,NO,NO,NO,YES,UNKNOWN,UNKNOWN,UNKNOWN,NONE,NO,,QUARANTINE,L2,A6.5-A,privacy-review;security-review;no_content_inspection_without_auth,P0,NEEDS_SECURITY_REVIEW,live_store_access_policy;retention;redaction;access_log,FLAGGED POTENTIAL_REAL_PATIENT_DATA capability; no sample content inspected or copied; May render raw clinical CDP
BOUND-001,contracts/v1,shared_contracts_v1,API_CONTRACT,NEW_A5_TARGET,DIR,json,ACTIVE,enterprise-refactoring,contracts,YES,UNKNOWN,UNKNOWN,LOW,MED,HIGH,NO,NO,NO,NO,NO,UNKNOWN,UNKNOWN,UNKNOWN,NONE,NO,,KEEP_READ_ONLY,L0,OUT_OF_SCOPE,none,P3,PROPOSED,none-for-legacy,A5 target contracts; NOT legacy; mapping destination only
BOUND-002,capabilities/adult_respiratory_v1,a6_capability_skeleton,CLINICAL_KNOWLEDGE,NEW_A6_PACKAGE,DIR,yaml,ACTIVE,a6-validator,capability,YES,UNKNOWN,UNKNOWN,LOW,LOW,HIGH,NO,NO,NO,NO,NO,UNKNOWN,UNKNOWN,UNKNOWN,NONE,NO,,KEEP_READ_ONLY,L0,OUT_OF_SCOPE,none,P3,PROPOSED,none-for-legacy,A6 NEW skeleton DRAFT/NOT_IMPLEMENTED/BLOCKED; do not treat as legacy; do not mutate lifecycle in A6.5
DOC-KG-CLUSTER,docs/AI医生/知识内容提取/知识库结构设计,knowledge_structure_design_cluster_33_md,DESIGN_DOCUMENT,DESIGN_CLUSTER,DIR,zh,LEGACY_UNKNOWN,knowledge-design,UNASSIGNED,UNKNOWN,UNKNOWN,UNKNOWN,MED,LOW,MED,NO,NO,NO,NO,NO,UNKNOWN,UNKNOWN,UNKNOWN,NONE,NO,,KEEP_READ_ONLY,L0,A6.5-A,prioritize_against_project_docs,P2,NEEDS_EVIDENCE,file_level_expansion_in_A6.5-A,Cluster summary for 33 markdown files; expand critical files in discovery batch
