asset_id,asset_path,writeback_source,authority_class,migration_label,coverage_label,runtime_adoption,replacement_status,physical_file,in_e01_board,in_e02_historical_seed,evidence_pointer,notes
BOUND-001,contracts/v1,E01_BOARD,NEW_A5_BOUNDARY,KEEP_READ_ONLY,NOT_LEGACY_RETENTION_SUBJECT,NOT_RUNTIME_ADOPTED,NEW_A5_CONTRACTS_IN_PLACE,PRESERVED,YES,NO,docs/refactoring/plans/phase-a/a6-5/a6-5-legacy-asset-inventory.csv;docs/refactoring/plans/phase-a/a6-5/a6-5-e01-disposition-board.csv;docs/refactoring/plans/phase-a/a6-5/a6-5-legacy-clinical-non-adoption-strategy.md;docs/refactoring/plans/phase-a/a6-5/legacy-asset-decommission-register.csv,E02 matrix write-back only. No physical delete. No E02 clinical body read. A6.5 Exit not executed.
BOUND-002,capabilities/adult_respiratory_v1,E01_BOARD,NEW_A6_BOUNDARY,KEEP_READ_ONLY,NOT_LEGACY_RETENTION_SUBJECT,NOT_RUNTIME_ADOPTED,NEW_A6_PACKAGE_IN_PLACE,PRESERVED,YES,NO,docs/refactoring/plans/phase-a/a6-5/a6-5-legacy-asset-inventory.csv;docs/refactoring/plans/phase-a/a6-5/a6-5-e01-disposition-board.csv;docs/refactoring/plans/phase-a/a6-5/a6-5-legacy-clinical-non-adoption-strategy.md;docs/refactoring/plans/phase-a/a6-5/legacy-asset-decommission-register.csv,E02 matrix write-back only. No physical delete. No E02 clinical body read. A6.5 Exit not executed.
CLIN-001,clinical-parsing-service/data/vocabularies/symptom_normalization.csv,E01_BOARD,LEGACY_CLINICAL,NOT_MIGRATED,NOT_AUTHORITY,NOT_RUNTIME_ADOPTED,FUTURE_REBUILD_REQUIRED,PRESERVED,YES,YES,docs/refactoring/plans/phase-a/a6-5/a6-5-legacy-asset-inventory.csv;docs/refactoring/plans/phase-a/a6-5/a6-5-e01-disposition-board.csv;docs/refactoring/plans/phase-a/a6-5/a6-5-legacy-clinical-non-adoption-strategy.md;docs/refactoring/plans/phase-a/a6-5/legacy-asset-decommission-register.csv,E02 matrix write-back only. No physical delete. No E02 clinical body read. A6.5 Exit not executed.
CLIN-002,clinical-parsing-service/data/vocabularies/disease_normalization.csv,E01_BOARD,LEGACY_CLINICAL,NOT_MIGRATED,NOT_AUTHORITY,NOT_RUNTIME_ADOPTED,FUTURE_REBUILD_REQUIRED,PRESERVED,YES,YES,docs/refactoring/plans/phase-a/a6-5/a6-5-legacy-asset-inventory.csv;docs/refactoring/plans/phase-a/a6-5/a6-5-e01-disposition-board.csv;docs/refactoring/plans/phase-a/a6-5/a6-5-legacy-clinical-non-adoption-strategy.md;docs/refactoring/plans/phase-a/a6-5/legacy-asset-decommission-register.csv,E02 matrix write-back only. No physical delete. No E02 clinical body read. A6.5 Exit not executed.
CLIN-003,clinical-parsing-service/data/vocabularies/medication_normalization.csv,E01_BOARD,LEGACY_CLINICAL,NOT_MIGRATED,NOT_AUTHORITY,NOT_RUNTIME_ADOPTED,FUTURE_REBUILD_REQUIRED,PRESERVED,YES,YES,docs/refactoring/plans/phase-a/a6-5/a6-5-legacy-asset-inventory.csv;docs/refactoring/plans/phase-a/a6-5/a6-5-e01-disposition-board.csv;docs/refactoring/plans/phase-a/a6-5/a6-5-legacy-clinical-non-adoption-strategy.md;docs/refactoring/plans/phase-a/a6-5/legacy-asset-decommission-register.csv,E02 matrix write-back only. No physical delete. No E02 clinical body read. A6.5 Exit not executed.
CLIN-004,clinical-parsing-service/data/vocabularies/allergy_normalization.csv,E01_BOARD,LEGACY_CLINICAL,NOT_MIGRATED,NOT_AUTHORITY,NOT_RUNTIME_ADOPTED,FUTURE_REBUILD_REQUIRED,PRESERVED,YES,YES,docs/refactoring/plans/phase-a/a6-5/a6-5-legacy-asset-inventory.csv;docs/refactoring/plans/phase-a/a6-5/a6-5-e01-disposition-board.csv;docs/refactoring/plans/phase-a/a6-5/a6-5-legacy-clinical-non-adoption-strategy.md;docs/refactoring/plans/phase-a/a6-5/legacy-asset-decommission-register.csv,E02 matrix write-back only. No physical delete. No E02 clinical body read. A6.5 Exit not executed.
CLIN-005,clinical-parsing-service/data/vocabularies/examination_normalization.csv,E01_BOARD,LEGACY_CLINICAL,NOT_MIGRATED,NOT_AUTHORITY,NOT_RUNTIME_ADOPTED,FUTURE_REBUILD_REQUIRED,PRESERVED,YES,YES,docs/refactoring/plans/phase-a/a6-5/a6-5-legacy-asset-inventory.csv;docs/refactoring/plans/phase-a/a6-5/a6-5-e01-disposition-board.csv;docs/refactoring/plans/phase-a/a6-5/a6-5-legacy-clinical-non-adoption-strategy.md;docs/refactoring/plans/phase-a/a6-5/legacy-asset-decommission-register.csv,E02 matrix write-back only. No physical delete. No E02 clinical body read. A6.5 Exit not executed.
CLIN-006,clinical-parsing-service/data/vocabularies/indicator_normalization.csv,E01_BOARD,LEGACY_CLINICAL,NOT_MIGRATED,NOT_AUTHORITY,NOT_RUNTIME_ADOPTED,FUTURE_REBUILD_REQUIRED,PRESERVED,YES,YES,docs/refactoring/plans/phase-a/a6-5/a6-5-legacy-asset-inventory.csv;docs/refactoring/plans/phase-a/a6-5/a6-5-e01-disposition-board.csv;docs/refactoring/plans/phase-a/a6-5/a6-5-legacy-clinical-non-adoption-strategy.md;docs/refactoring/plans/phase-a/a6-5/legacy-asset-decommission-register.csv,E02 matrix write-back only. No physical delete. No E02 clinical body read. A6.5 Exit not executed.
CLIN-007,clinical-parsing-service/data/vocabularies/ambiguity_rules.json,E01_BOARD,LEGACY_CLINICAL,NOT_MIGRATED,NOT_AUTHORITY,NOT_RUNTIME_ADOPTED,FUTURE_REBUILD_REQUIRED,PRESERVED,YES,YES,docs/refactoring/plans/phase-a/a6-5/a6-5-legacy-asset-inventory.csv;docs/refactoring/plans/phase-a/a6-5/a6-5-e01-disposition-board.csv;docs/refactoring/plans/phase-a/a6-5/a6-5-legacy-clinical-non-adoption-strategy.md;docs/refactoring/plans/phase-a/a6-5/legacy-asset-decommission-register.csv,E02 matrix write-back only. No physical delete. No E02 clinical body read. A6.5 Exit not executed.
CLIN-008,health-state-assessment-service/data/健康管理路径规则/健康管理路径规则.yaml,E01_BOARD,LEGACY_CLINICAL,NOT_MIGRATED,NOT_AUTHORITY,NOT_RUNTIME_ADOPTED,FUTURE_REBUILD_REQUIRED,PRESERVED,YES,YES,docs/refactoring/plans/phase-a/a6-5/a6-5-legacy-asset-inventory.csv;docs/refactoring/plans/phase-a/a6-5/a6-5-e01-disposition-board.csv;docs/refactoring/plans/phase-a/a6-5/a6-5-legacy-clinical-non-adoption-strategy.md;docs/refactoring/plans/phase-a/a6-5/legacy-asset-decommission-register.csv,E02 matrix write-back only. No physical delete. No E02 clinical body read. A6.5 Exit not executed.
CLIN-009,health-state-assessment-service/data/入口判定规则/入口判定与工作态切换规则.yaml,E01_BOARD,LEGACY_CLINICAL,NOT_MIGRATED,NOT_AUTHORITY,NOT_RUNTIME_ADOPTED,FUTURE_REBUILD_REQUIRED,PRESERVED,YES,YES,docs/refactoring/plans/phase-a/a6-5/a6-5-legacy-asset-inventory.csv;docs/refactoring/plans/phase-a/a6-5/a6-5-e01-disposition-board.csv;docs/refactoring/plans/phase-a/a6-5/a6-5-legacy-clinical-non-adoption-strategy.md;docs/refactoring/plans/phase-a/a6-5/legacy-asset-decommission-register.csv,E02 matrix write-back only. No physical delete. No E02 clinical body read. A6.5 Exit not executed.
CLIN-010,health-state-assessment-service/data/入口判定规则/入口角度统一转换规则.yaml,E01_BOARD,LEGACY_CLINICAL,NOT_MIGRATED,NOT_AUTHORITY,NOT_RUNTIME_ADOPTED,FUTURE_REBUILD_REQUIRED,PRESERVED,YES,YES,docs/refactoring/plans/phase-a/a6-5/a6-5-legacy-asset-inventory.csv;docs/refactoring/plans/phase-a/a6-5/a6-5-e01-disposition-board.csv;docs/refactoring/plans/phase-a/a6-5/a6-5-legacy-clinical-non-adoption-strategy.md;docs/refactoring/plans/phase-a/a6-5/legacy-asset-decommission-register.csv,E02 matrix write-back only. No physical delete. No E02 clinical body read. A6.5 Exit not executed.
CLIN-020,health-state-assessment-service/app/rules/red_flag_rules.py,E01_BOARD,LEGACY_CLINICAL,NOT_MIGRATED,NOT_AUTHORITY,NOT_RUNTIME_ADOPTED,FUTURE_REBUILD_REQUIRED,PRESERVED,YES,YES,docs/refactoring/plans/phase-a/a6-5/a6-5-legacy-asset-inventory.csv;docs/refactoring/plans/phase-a/a6-5/a6-5-e01-disposition-board.csv;docs/refactoring/plans/phase-a/a6-5/a6-5-legacy-clinical-non-adoption-strategy.md;docs/refactoring/plans/phase-a/a6-5/legacy-asset-decommission-register.csv,E02 matrix write-back only. No physical delete. No E02 clinical body read. A6.5 Exit not executed.
CLIN-021,health-state-assessment-service/app/rules/risk_screening_rules.py,E01_BOARD,LEGACY_CLINICAL,NOT_MIGRATED,NOT_AUTHORITY,NOT_RUNTIME_ADOPTED,FUTURE_REBUILD_REQUIRED,PRESERVED,YES,YES,docs/refactoring/plans/phase-a/a6-5/a6-5-legacy-asset-inventory.csv;docs/refactoring/plans/phase-a/a6-5/a6-5-e01-disposition-board.csv;docs/refactoring/plans/phase-a/a6-5/a6-5-legacy-clinical-non-adoption-strategy.md;docs/refactoring/plans/phase-a/a6-5/legacy-asset-decommission-register.csv,E02 matrix write-back only. No physical delete. No E02 clinical body read. A6.5 Exit not executed.
CLIN-022,health-state-assessment-service/app/rules/severity_rules.py,E01_BOARD,LEGACY_CLINICAL,NOT_MIGRATED,NOT_AUTHORITY,NOT_RUNTIME_ADOPTED,FUTURE_REBUILD_REQUIRED,PRESERVED,YES,YES,docs/refactoring/plans/phase-a/a6-5/a6-5-legacy-asset-inventory.csv;docs/refactoring/plans/phase-a/a6-5/a6-5-e01-disposition-board.csv;docs/refactoring/plans/phase-a/a6-5/a6-5-legacy-clinical-non-adoption-strategy.md;docs/refactoring/plans/phase-a/a6-5/legacy-asset-decommission-register.csv,E02 matrix write-back only. No physical delete. No E02 clinical body read. A6.5 Exit not executed.
CLIN-023,health-state-assessment-service/app/rules/work_mode_rules.py,E01_BOARD,LEGACY_CLINICAL,NOT_MIGRATED,NOT_AUTHORITY,NOT_RUNTIME_ADOPTED,FUTURE_REBUILD_REQUIRED,PRESERVED,YES,YES,docs/refactoring/plans/phase-a/a6-5/a6-5-legacy-asset-inventory.csv;docs/refactoring/plans/phase-a/a6-5/a6-5-e01-disposition-board.csv;docs/refactoring/plans/phase-a/a6-5/a6-5-legacy-clinical-non-adoption-strategy.md;docs/refactoring/plans/phase-a/a6-5/legacy-asset-decommission-register.csv,E02 matrix write-back only. No physical delete. No E02 clinical body read. A6.5 Exit not executed.
CLIN-024,health-state-assessment-service/app/rules/wellness_plan_rules.py,E01_BOARD,LEGACY_CLINICAL,NOT_MIGRATED,NOT_AUTHORITY,NOT_RUNTIME_ADOPTED,FUTURE_REBUILD_REQUIRED,PRESERVED,YES,YES,docs/refactoring/plans/phase-a/a6-5/a6-5-legacy-asset-inventory.csv;docs/refactoring/plans/phase-a/a6-5/a6-5-e01-disposition-board.csv;docs/refactoring/plans/phase-a/a6-5/a6-5-legacy-clinical-non-adoption-strategy.md;docs/refactoring/plans/phase-a/a6-5/legacy-asset-decommission-register.csv,E02 matrix write-back only. No physical delete. No E02 clinical body read. A6.5 Exit not executed.
CLIN-025,risk-assessment-service/app/services/triage_engine.py,E01_BOARD,LEGACY_CLINICAL,NOT_MIGRATED,NOT_AUTHORITY,NOT_RUNTIME_ADOPTED,FUTURE_REBUILD_REQUIRED,PRESERVED,YES,YES,docs/refactoring/plans/phase-a/a6-5/a6-5-legacy-asset-inventory.csv;docs/refactoring/plans/phase-a/a6-5/a6-5-e01-disposition-board.csv;docs/refactoring/plans/phase-a/a6-5/a6-5-legacy-clinical-non-adoption-strategy.md;docs/refactoring/plans/phase-a/a6-5/legacy-asset-decommission-register.csv,E02 matrix write-back only. No physical delete. No E02 clinical body read. A6.5 Exit not executed.
CLIN-026,risk-assessment-service/app/services/upgrade_rule_engine.py,E01_BOARD,LEGACY_CLINICAL,NOT_MIGRATED,NOT_AUTHORITY,NOT_RUNTIME_ADOPTED,FUTURE_REBUILD_REQUIRED,PRESERVED,YES,YES,docs/refactoring/plans/phase-a/a6-5/a6-5-legacy-asset-inventory.csv;docs/refactoring/plans/phase-a/a6-5/a6-5-e01-disposition-board.csv;docs/refactoring/plans/phase-a/a6-5/a6-5-legacy-clinical-non-adoption-strategy.md;docs/refactoring/plans/phase-a/a6-5/legacy-asset-decommission-register.csv,E02 matrix write-back only. No physical delete. No E02 clinical body read. A6.5 Exit not executed.
CLIN-027,dialog-service/app/identifiers/information_gap_identifier.py,E01_BOARD,LEGACY_CLINICAL,NOT_MIGRATED,NOT_AUTHORITY,NOT_RUNTIME_ADOPTED,FUTURE_REBUILD_REQUIRED,PRESERVED,YES,YES,docs/refactoring/plans/phase-a/a6-5/a6-5-legacy-asset-inventory.csv;docs/refactoring/plans/phase-a/a6-5/a6-5-e01-disposition-board.csv;docs/refactoring/plans/phase-a/a6-5/a6-5-legacy-clinical-non-adoption-strategy.md;docs/refactoring/plans/phase-a/a6-5/legacy-asset-decommission-register.csv,E02 matrix write-back only. No physical delete. No E02 clinical body read. A6.5 Exit not executed.
CLIN-028,dialog-service/app/core/nlg.py,E01_BOARD,LEGACY_CLINICAL,NOT_MIGRATED,NOT_AUTHORITY,NOT_RUNTIME_ADOPTED,FUTURE_REBUILD_REQUIRED,PRESERVED,YES,YES,docs/refactoring/plans/phase-a/a6-5/a6-5-legacy-asset-inventory.csv;docs/refactoring/plans/phase-a/a6-5/a6-5-e01-disposition-board.csv;docs/refactoring/plans/phase-a/a6-5/a6-5-legacy-clinical-non-adoption-strategy.md;docs/refactoring/plans/phase-a/a6-5/legacy-asset-decommission-register.csv,E02 matrix write-back only. No physical delete. No E02 clinical body read. A6.5 Exit not executed.
CLIN-029,diagnosis-engine-service/data/问题清单/结构化问题清单模板.yaml,E01_BOARD,LEGACY_CLINICAL,NOT_MIGRATED,NOT_AUTHORITY,NOT_RUNTIME_ADOPTED,FUTURE_REBUILD_REQUIRED,PRESERVED,YES,YES,docs/refactoring/plans/phase-a/a6-5/a6-5-legacy-asset-inventory.csv;docs/refactoring/plans/phase-a/a6-5/a6-5-e01-disposition-board.csv;docs/refactoring/plans/phase-a/a6-5/a6-5-legacy-clinical-non-adoption-strategy.md;docs/refactoring/plans/phase-a/a6-5/legacy-asset-decommission-register.csv,E02 matrix write-back only. No physical delete. No E02 clinical body read. A6.5 Exit not executed.
CTR-001,diagnosis-service/src/main/java/com/aidoctor/diagnosis/dto,E01_BOARD,NON_CLINICAL_RETAINED,MAP,TECHNICAL_COVERAGE_PRESERVED,TECHNICAL_PATH_PRESERVED,EXISTING_TECHNICAL_PATH,PRESERVED,YES,NO,docs/refactoring/plans/phase-a/a6-5/a6-5-legacy-asset-inventory.csv;docs/refactoring/plans/phase-a/a6-5/a6-5-e01-disposition-board.csv;docs/refactoring/plans/phase-a/a6-5/a6-5-legacy-clinical-non-adoption-strategy.md;docs/refactoring/plans/phase-a/a6-5/legacy-asset-decommission-register.csv,E02 matrix write-back only. No physical delete. No E02 clinical body read. A6.5 Exit not executed.
CTR-002,dialog-service/app/models,E01_BOARD,NON_CLINICAL_RETAINED,MAP,TECHNICAL_COVERAGE_PRESERVED,TECHNICAL_PATH_PRESERVED,EXISTING_TECHNICAL_PATH,PRESERVED,YES,NO,docs/refactoring/plans/phase-a/a6-5/a6-5-legacy-asset-inventory.csv;docs/refactoring/plans/phase-a/a6-5/a6-5-e01-disposition-board.csv;docs/refactoring/plans/phase-a/a6-5/a6-5-legacy-clinical-non-adoption-strategy.md;docs/refactoring/plans/phase-a/a6-5/legacy-asset-decommission-register.csv,E02 matrix write-back only. No physical delete. No E02 clinical body read. A6.5 Exit not executed.
CTR-003,explanation-service/app/models,E01_BOARD,NON_CLINICAL_RETAINED,MAP,TECHNICAL_COVERAGE_PRESERVED,TECHNICAL_PATH_PRESERVED,EXISTING_TECHNICAL_PATH,PRESERVED,YES,NO,docs/refactoring/plans/phase-a/a6-5/a6-5-legacy-asset-inventory.csv;docs/refactoring/plans/phase-a/a6-5/a6-5-e01-disposition-board.csv;docs/refactoring/plans/phase-a/a6-5/a6-5-legacy-clinical-non-adoption-strategy.md;docs/refactoring/plans/phase-a/a6-5/legacy-asset-decommission-register.csv,E02 matrix write-back only. No physical delete. No E02 clinical body read. A6.5 Exit not executed.
CTR-004,clinical-parsing-service/app/models,E01_BOARD,NON_CLINICAL_RETAINED,MAP,TECHNICAL_COVERAGE_PRESERVED,TECHNICAL_PATH_PRESERVED,EXISTING_TECHNICAL_PATH,PRESERVED,YES,NO,docs/refactoring/plans/phase-a/a6-5/a6-5-legacy-asset-inventory.csv;docs/refactoring/plans/phase-a/a6-5/a6-5-e01-disposition-board.csv;docs/refactoring/plans/phase-a/a6-5/a6-5-legacy-clinical-non-adoption-strategy.md;docs/refactoring/plans/phase-a/a6-5/legacy-asset-decommission-register.csv,E02 matrix write-back only. No physical delete. No E02 clinical body read. A6.5 Exit not executed.
CTR-005,frontend/src/types/diagnosis.ts,E01_BOARD,NON_CLINICAL_RETAINED,MAP,TECHNICAL_COVERAGE_PRESERVED,TECHNICAL_PATH_PRESERVED,EXISTING_TECHNICAL_PATH,PRESERVED,YES,NO,docs/refactoring/plans/phase-a/a6-5/a6-5-legacy-asset-inventory.csv;docs/refactoring/plans/phase-a/a6-5/a6-5-e01-disposition-board.csv;docs/refactoring/plans/phase-a/a6-5/a6-5-legacy-clinical-non-adoption-strategy.md;docs/refactoring/plans/phase-a/a6-5/legacy-asset-decommission-register.csv,E02 matrix write-back only. No physical delete. No E02 clinical body read. A6.5 Exit not executed.
CTR-006,frontend/src/services/diagnosisApi.ts,E01_BOARD,NON_CLINICAL_RETAINED,MAP,TECHNICAL_COVERAGE_PRESERVED,TECHNICAL_PATH_PRESERVED,EXISTING_TECHNICAL_PATH,PRESERVED,YES,NO,docs/refactoring/plans/phase-a/a6-5/a6-5-legacy-asset-inventory.csv;docs/refactoring/plans/phase-a/a6-5/a6-5-e01-disposition-board.csv;docs/refactoring/plans/phase-a/a6-5/a6-5-legacy-clinical-non-adoption-strategy.md;docs/refactoring/plans/phase-a/a6-5/legacy-asset-decommission-register.csv,E02 matrix write-back only. No physical delete. No E02 clinical body read. A6.5 Exit not executed.
CTR-007,frontend-admin/src/types/trace.ts,E01_BOARD,NON_CLINICAL_RETAINED,MAP,TECHNICAL_COVERAGE_PRESERVED,TECHNICAL_PATH_PRESERVED,EXISTING_TECHNICAL_PATH,PRESERVED,YES,NO,docs/refactoring/plans/phase-a/a6-5/a6-5-legacy-asset-inventory.csv;docs/refactoring/plans/phase-a/a6-5/a6-5-e01-disposition-board.csv;docs/refactoring/plans/phase-a/a6-5/a6-5-legacy-clinical-non-adoption-strategy.md;docs/refactoring/plans/phase-a/a6-5/legacy-asset-decommission-register.csv,E02 matrix write-back only. No physical delete. No E02 clinical body read. A6.5 Exit not executed.
CTR-008,frontend-admin/src/services/traceApi.ts,E01_BOARD,NON_CLINICAL_RETAINED,MAP,TECHNICAL_COVERAGE_PRESERVED,TECHNICAL_PATH_PRESERVED,EXISTING_TECHNICAL_PATH,PRESERVED,YES,NO,docs/refactoring/plans/phase-a/a6-5/a6-5-legacy-asset-inventory.csv;docs/refactoring/plans/phase-a/a6-5/a6-5-e01-disposition-board.csv;docs/refactoring/plans/phase-a/a6-5/a6-5-legacy-clinical-non-adoption-strategy.md;docs/refactoring/plans/phase-a/a6-5/legacy-asset-decommission-register.csv,E02 matrix write-back only. No physical delete. No E02 clinical body read. A6.5 Exit not executed.
CTR-009,docs/refactoring/evidence/phase-a/a2/python-cdp-access-inventory.csv,E01_BOARD,NON_CLINICAL_RETAINED,MAP,TECHNICAL_COVERAGE_PRESERVED,TECHNICAL_PATH_PRESERVED,EXISTING_TECHNICAL_PATH,PRESERVED,YES,NO,docs/refactoring/plans/phase-a/a6-5/a6-5-legacy-asset-inventory.csv;docs/refactoring/plans/phase-a/a6-5/a6-5-e01-disposition-board.csv;docs/refactoring/plans/phase-a/a6-5/a6-5-legacy-clinical-non-adoption-strategy.md;docs/refactoring/plans/phase-a/a6-5/legacy-asset-decommission-register.csv,E02 matrix write-back only. No physical delete. No E02 clinical body read. A6.5 Exit not executed.
DATA-DR002,DRKnows-main/LICENSE,E01_BOARD,RESEARCH_ONLY,ARCHIVE,TECHNICAL_COVERAGE_PRESERVED,TECHNICAL_PATH_PRESERVED,EXISTING_TECHNICAL_PATH,PRESERVED,YES,NO,docs/refactoring/plans/phase-a/a6-5/a6-5-legacy-asset-inventory.csv;docs/refactoring/plans/phase-a/a6-5/a6-5-e01-disposition-board.csv;docs/refactoring/plans/phase-a/a6-5/a6-5-legacy-clinical-non-adoption-strategy.md;docs/refactoring/plans/phase-a/a6-5/legacy-asset-decommission-register.csv,E02 matrix write-back only. No physical delete. No E02 clinical body read. A6.5 Exit not executed.
DATA-EV001,docs/AI医生/项目文档/12.性能与评估/评估验证体系.md [static_case_eval_suite MISSING_DATASET],E01_BOARD,EVIDENCE_ONLY,KEEP_READ_ONLY,TECHNICAL_COVERAGE_PRESERVED,TECHNICAL_PATH_PRESERVED,EXISTING_TECHNICAL_PATH,PRESERVED,YES,NO,docs/refactoring/plans/phase-a/a6-5/a6-5-legacy-asset-inventory.csv;docs/refactoring/plans/phase-a/a6-5/a6-5-e01-disposition-board.csv;docs/refactoring/plans/phase-a/a6-5/a6-5-legacy-clinical-non-adoption-strategy.md;docs/refactoring/plans/phase-a/a6-5/legacy-asset-decommission-register.csv,E02 matrix write-back only. No physical delete. No E02 clinical body read. A6.5 Exit not executed.
DATA-EV002,docs/AI医生/项目文档/12.性能与评估/评估验证体系.md [interactive_interview_eval_suite MISSING_DATASET],E01_BOARD,EVIDENCE_ONLY,KEEP_READ_ONLY,TECHNICAL_COVERAGE_PRESERVED,TECHNICAL_PATH_PRESERVED,EXISTING_TECHNICAL_PATH,PRESERVED,YES,NO,docs/refactoring/plans/phase-a/a6-5/a6-5-legacy-asset-inventory.csv;docs/refactoring/plans/phase-a/a6-5/a6-5-e01-disposition-board.csv;docs/refactoring/plans/phase-a/a6-5/a6-5-legacy-clinical-non-adoption-strategy.md;docs/refactoring/plans/phase-a/a6-5/legacy-asset-decommission-register.csv,E02 matrix write-back only. No physical delete. No E02 clinical body read. A6.5 Exit not executed.
DATA-EV003,docs/AI医生/项目文档/12.性能与评估/评估验证体系.md [trajectory_replay_eval_suite MISSING_DATASET],E01_BOARD,EVIDENCE_ONLY,KEEP_READ_ONLY,TECHNICAL_COVERAGE_PRESERVED,TECHNICAL_PATH_PRESERVED,EXISTING_TECHNICAL_PATH,PRESERVED,YES,NO,docs/refactoring/plans/phase-a/a6-5/a6-5-legacy-asset-inventory.csv;docs/refactoring/plans/phase-a/a6-5/a6-5-e01-disposition-board.csv;docs/refactoring/plans/phase-a/a6-5/a6-5-legacy-clinical-non-adoption-strategy.md;docs/refactoring/plans/phase-a/a6-5/legacy-asset-decommission-register.csv,E02 matrix write-back only. No physical delete. No E02 clinical body read. A6.5 Exit not executed.
DATA-K001,docs/AI医生/知识内容提取/源数据/hp-zh.babelon.tsv,E01_BOARD,QUARANTINED_MEDICAL_SOURCE,NOT_MIGRATED,NOT_AUTHORITY,NOT_RUNTIME_ADOPTED,FUTURE_REBUILD_REQUIRED,PRESERVED,YES,NO,docs/refactoring/plans/phase-a/a6-5/a6-5-legacy-asset-inventory.csv;docs/refactoring/plans/phase-a/a6-5/a6-5-e01-disposition-board.csv;docs/refactoring/plans/phase-a/a6-5/a6-5-legacy-clinical-non-adoption-strategy.md;docs/refactoring/plans/phase-a/a6-5/legacy-asset-decommission-register.csv,E02 matrix write-back only. No physical delete. No E02 clinical body read. A6.5 Exit not executed.
DATA-K002,docs/AI医生/知识内容提取/源数据/hp-zh.synonyms.tsv,E01_BOARD,QUARANTINED_MEDICAL_SOURCE,NOT_MIGRATED,NOT_AUTHORITY,NOT_RUNTIME_ADOPTED,FUTURE_REBUILD_REQUIRED,PRESERVED,YES,NO,docs/refactoring/plans/phase-a/a6-5/a6-5-legacy-asset-inventory.csv;docs/refactoring/plans/phase-a/a6-5/a6-5-e01-disposition-board.csv;docs/refactoring/plans/phase-a/a6-5/a6-5-legacy-clinical-non-adoption-strategy.md;docs/refactoring/plans/phase-a/a6-5/legacy-asset-decommission-register.csv,E02 matrix write-back only. No physical delete. No E02 clinical body read. A6.5 Exit not executed.
DATA-K003,docs/AI医生/知识内容提取/源数据/ICPC-2e-v7.0/ICPC-2e-v7.0.xml,E01_BOARD,QUARANTINED_MEDICAL_SOURCE,NOT_MIGRATED,NOT_AUTHORITY,NOT_RUNTIME_ADOPTED,FUTURE_REBUILD_REQUIRED,PRESERVED,YES,NO,docs/refactoring/plans/phase-a/a6-5/a6-5-legacy-asset-inventory.csv;docs/refactoring/plans/phase-a/a6-5/a6-5-e01-disposition-board.csv;docs/refactoring/plans/phase-a/a6-5/a6-5-legacy-clinical-non-adoption-strategy.md;docs/refactoring/plans/phase-a/a6-5/legacy-asset-decommission-register.csv,E02 matrix write-back only. No physical delete. No E02 clinical body read. A6.5 Exit not executed.
DATA-K004,docs/AI医生/知识内容提取/源数据/UMLS数据集和关系类型详细说明.md,E01_BOARD,QUARANTINED_MEDICAL_SOURCE,NOT_MIGRATED,NOT_AUTHORITY,NOT_RUNTIME_ADOPTED,FUTURE_REBUILD_REQUIRED,PRESERVED,YES,NO,docs/refactoring/plans/phase-a/a6-5/a6-5-legacy-asset-inventory.csv;docs/refactoring/plans/phase-a/a6-5/a6-5-e01-disposition-board.csv;docs/refactoring/plans/phase-a/a6-5/a6-5-legacy-clinical-non-adoption-strategy.md;docs/refactoring/plans/phase-a/a6-5/legacy-asset-decommission-register.csv,E02 matrix write-back only. No physical delete. No E02 clinical body read. A6.5 Exit not executed.
DATA-K005,docs/AI医生/知识内容提取/源数据/归档/icd10cm-table and index-2026/icd10cm-drug-2026.xml,E01_BOARD,QUARANTINED_MEDICAL_SOURCE,NOT_MIGRATED,NOT_AUTHORITY,NOT_RUNTIME_ADOPTED,FUTURE_REBUILD_REQUIRED,PRESERVED,YES,NO,docs/refactoring/plans/phase-a/a6-5/a6-5-legacy-asset-inventory.csv;docs/refactoring/plans/phase-a/a6-5/a6-5-e01-disposition-board.csv;docs/refactoring/plans/phase-a/a6-5/a6-5-legacy-clinical-non-adoption-strategy.md;docs/refactoring/plans/phase-a/a6-5/legacy-asset-decommission-register.csv,E02 matrix write-back only. No physical delete. No E02 clinical body read. A6.5 Exit not executed.
DATA-K006,docs/AI医生/知识内容提取/源数据/归档/icd10cm-table and index-2026/icd10cm-eindex-2026.xml,E01_BOARD,QUARANTINED_MEDICAL_SOURCE,NOT_MIGRATED,NOT_AUTHORITY,NOT_RUNTIME_ADOPTED,FUTURE_REBUILD_REQUIRED,PRESERVED,YES,NO,docs/refactoring/plans/phase-a/a6-5/a6-5-legacy-asset-inventory.csv;docs/refactoring/plans/phase-a/a6-5/a6-5-e01-disposition-board.csv;docs/refactoring/plans/phase-a/a6-5/a6-5-legacy-clinical-non-adoption-strategy.md;docs/refactoring/plans/phase-a/a6-5/legacy-asset-decommission-register.csv,E02 matrix write-back only. No physical delete. No E02 clinical body read. A6.5 Exit not executed.
DATA-K007,docs/AI医生/知识内容提取/源数据/归档/icd10cm-table and index-2026/icd10cm-index-2026.xml,E01_BOARD,QUARANTINED_MEDICAL_SOURCE,NOT_MIGRATED,NOT_AUTHORITY,NOT_RUNTIME_ADOPTED,FUTURE_REBUILD_REQUIRED,PRESERVED,YES,NO,docs/refactoring/plans/phase-a/a6-5/a6-5-legacy-asset-inventory.csv;docs/refactoring/plans/phase-a/a6-5/a6-5-e01-disposition-board.csv;docs/refactoring/plans/phase-a/a6-5/a6-5-legacy-clinical-non-adoption-strategy.md;docs/refactoring/plans/phase-a/a6-5/legacy-asset-decommission-register.csv,E02 matrix write-back only. No physical delete. No E02 clinical body read. A6.5 Exit not executed.
DATA-K008,docs/AI医生/知识内容提取/源数据/归档/icd10cm-table and index-2026/icd10cm-neoplasm-2026.xml,E01_BOARD,QUARANTINED_MEDICAL_SOURCE,NOT_MIGRATED,NOT_AUTHORITY,NOT_RUNTIME_ADOPTED,FUTURE_REBUILD_REQUIRED,PRESERVED,YES,NO,docs/refactoring/plans/phase-a/a6-5/a6-5-legacy-asset-inventory.csv;docs/refactoring/plans/phase-a/a6-5/a6-5-e01-disposition-board.csv;docs/refactoring/plans/phase-a/a6-5/a6-5-legacy-clinical-non-adoption-strategy.md;docs/refactoring/plans/phase-a/a6-5/legacy-asset-decommission-register.csv,E02 matrix write-back only. No physical delete. No E02 clinical body read. A6.5 Exit not executed.
DATA-K009,docs/AI医生/知识内容提取/源数据/归档/icd10cm-table and index-2026/icd10cm-tabular-2026.xml,E01_BOARD,QUARANTINED_MEDICAL_SOURCE,NOT_MIGRATED,NOT_AUTHORITY,NOT_RUNTIME_ADOPTED,FUTURE_REBUILD_REQUIRED,PRESERVED,YES,NO,docs/refactoring/plans/phase-a/a6-5/a6-5-legacy-asset-inventory.csv;docs/refactoring/plans/phase-a/a6-5/a6-5-e01-disposition-board.csv;docs/refactoring/plans/phase-a/a6-5/a6-5-legacy-clinical-non-adoption-strategy.md;docs/refactoring/plans/phase-a/a6-5/legacy-asset-decommission-register.csv,E02 matrix write-back only. No physical delete. No E02 clinical body read. A6.5 Exit not executed.
DATA-K010,docs/AI医生/知识内容提取/提取结果/hpo/hpo_chinese_mapping.csv,E01_BOARD,QUARANTINED_MEDICAL_SOURCE,NOT_MIGRATED,NOT_AUTHORITY,NOT_RUNTIME_ADOPTED,FUTURE_REBUILD_REQUIRED,PRESERVED,YES,NO,docs/refactoring/plans/phase-a/a6-5/a6-5-legacy-asset-inventory.csv;docs/refactoring/plans/phase-a/a6-5/a6-5-e01-disposition-board.csv;docs/refactoring/plans/phase-a/a6-5/a6-5-legacy-clinical-non-adoption-strategy.md;docs/refactoring/plans/phase-a/a6-5/legacy-asset-decommission-register.csv,E02 matrix write-back only. No physical delete. No E02 clinical body read. A6.5 Exit not executed.
DATA-K011,docs/AI医生/知识内容提取/提取结果/hpo/hpo_data.csv,E01_BOARD,QUARANTINED_MEDICAL_SOURCE,NOT_MIGRATED,NOT_AUTHORITY,NOT_RUNTIME_ADOPTED,FUTURE_REBUILD_REQUIRED,PRESERVED,YES,NO,docs/refactoring/plans/phase-a/a6-5/a6-5-legacy-asset-inventory.csv;docs/refactoring/plans/phase-a/a6-5/a6-5-e01-disposition-board.csv;docs/refactoring/plans/phase-a/a6-5/a6-5-legacy-clinical-non-adoption-strategy.md;docs/refactoring/plans/phase-a/a6-5/legacy-asset-decommission-register.csv,E02 matrix write-back only. No physical delete. No E02 clinical body read. A6.5 Exit not executed.
DATA-K012,docs/AI医生/知识内容提取/提取结果/hpo/hpo_data.json,E01_BOARD,QUARANTINED_MEDICAL_SOURCE,NOT_MIGRATED,NOT_AUTHORITY,NOT_RUNTIME_ADOPTED,FUTURE_REBUILD_REQUIRED,PRESERVED,YES,NO,docs/refactoring/plans/phase-a/a6-5/a6-5-legacy-asset-inventory.csv;docs/refactoring/plans/phase-a/a6-5/a6-5-e01-disposition-board.csv;docs/refactoring/plans/phase-a/a6-5/a6-5-legacy-clinical-non-adoption-strategy.md;docs/refactoring/plans/phase-a/a6-5/legacy-asset-decommission-register.csv,E02 matrix write-back only. No physical delete. No E02 clinical body read. A6.5 Exit not executed.
DATA-K013,docs/AI医生/知识内容提取/提取结果/hpo/hpo_data_with_chinese.csv,E01_BOARD,QUARANTINED_MEDICAL_SOURCE,NOT_MIGRATED,NOT_AUTHORITY,NOT_RUNTIME_ADOPTED,FUTURE_REBUILD_REQUIRED,PRESERVED,YES,NO,docs/refactoring/plans/phase-a/a6-5/a6-5-legacy-asset-inventory.csv;docs/refactoring/plans/phase-a/a6-5/a6-5-e01-disposition-board.csv;docs/refactoring/plans/phase-a/a6-5/a6-5-legacy-clinical-non-adoption-strategy.md;docs/refactoring/plans/phase-a/a6-5/legacy-asset-decommission-register.csv,E02 matrix write-back only. No physical delete. No E02 clinical body read. A6.5 Exit not executed.
DATA-K014,docs/AI医生/知识内容提取/提取结果/hpo/hpo_data_示例_前1000条.csv,E01_BOARD,QUARANTINED_MEDICAL_SOURCE,NOT_MIGRATED,NOT_AUTHORITY,NOT_RUNTIME_ADOPTED,FUTURE_REBUILD_REQUIRED,PRESERVED,YES,NO,docs/refactoring/plans/phase-a/a6-5/a6-5-legacy-asset-inventory.csv;docs/refactoring/plans/phase-a/a6-5/a6-5-e01-disposition-board.csv;docs/refactoring/plans/phase-a/a6-5/a6-5-legacy-clinical-non-adoption-strategy.md;docs/refactoring/plans/phase-a/a6-5/legacy-asset-decommission-register.csv,E02 matrix write-back only. No physical delete. No E02 clinical body read. A6.5 Exit not executed.
DATA-K015,docs/AI医生/知识内容提取/提取结果/hpo/hpo_translation_template.csv,E01_BOARD,QUARANTINED_MEDICAL_SOURCE,NOT_MIGRATED,NOT_AUTHORITY,NOT_RUNTIME_ADOPTED,FUTURE_REBUILD_REQUIRED,PRESERVED,YES,NO,docs/refactoring/plans/phase-a/a6-5/a6-5-legacy-asset-inventory.csv;docs/refactoring/plans/phase-a/a6-5/a6-5-e01-disposition-board.csv;docs/refactoring/plans/phase-a/a6-5/a6-5-legacy-clinical-non-adoption-strategy.md;docs/refactoring/plans/phase-a/a6-5/legacy-asset-decommission-register.csv,E02 matrix write-back only. No physical delete. No E02 clinical body read. A6.5 Exit not executed.
DATA-K016,docs/AI医生/知识内容提取/提取结果/hpo/translation_cache.json,E01_BOARD,QUARANTINED_MEDICAL_SOURCE,NOT_MIGRATED,NOT_AUTHORITY,NOT_RUNTIME_ADOPTED,FUTURE_REBUILD_REQUIRED,PRESERVED,YES,NO,docs/refactoring/plans/phase-a/a6-5/a6-5-legacy-asset-inventory.csv;docs/refactoring/plans/phase-a/a6-5/a6-5-e01-disposition-board.csv;docs/refactoring/plans/phase-a/a6-5/a6-5-legacy-clinical-non-adoption-strategy.md;docs/refactoring/plans/phase-a/a6-5/legacy-asset-decommission-register.csv,E02 matrix write-back only. No physical delete. No E02 clinical body read. A6.5 Exit not executed.
DATA-K017,docs/AI医生/知识内容提取/提取结果/icpc/icpc_xml_chinese.csv,E01_BOARD,QUARANTINED_MEDICAL_SOURCE,NOT_MIGRATED,NOT_AUTHORITY,NOT_RUNTIME_ADOPTED,FUTURE_REBUILD_REQUIRED,PRESERVED,YES,NO,docs/refactoring/plans/phase-a/a6-5/a6-5-legacy-asset-inventory.csv;docs/refactoring/plans/phase-a/a6-5/a6-5-e01-disposition-board.csv;docs/refactoring/plans/phase-a/a6-5/a6-5-legacy-clinical-non-adoption-strategy.md;docs/refactoring/plans/phase-a/a6-5/legacy-asset-decommission-register.csv,E02 matrix write-back only. No physical delete. No E02 clinical body read. A6.5 Exit not executed.
DATA-K018,docs/AI医生/知识内容提取/提取结果/icpc/icpc_xml_chinese.json,E01_BOARD,QUARANTINED_MEDICAL_SOURCE,NOT_MIGRATED,NOT_AUTHORITY,NOT_RUNTIME_ADOPTED,FUTURE_REBUILD_REQUIRED,PRESERVED,YES,NO,docs/refactoring/plans/phase-a/a6-5/a6-5-legacy-asset-inventory.csv;docs/refactoring/plans/phase-a/a6-5/a6-5-e01-disposition-board.csv;docs/refactoring/plans/phase-a/a6-5/a6-5-legacy-clinical-non-adoption-strategy.md;docs/refactoring/plans/phase-a/a6-5/legacy-asset-decommission-register.csv,E02 matrix write-back only. No physical delete. No E02 clinical body read. A6.5 Exit not executed.
DATA-K019,docs/AI医生/知识内容提取/提取结果/icpc/translation_cache.json,E01_BOARD,QUARANTINED_MEDICAL_SOURCE,NOT_MIGRATED,NOT_AUTHORITY,NOT_RUNTIME_ADOPTED,FUTURE_REBUILD_REQUIRED,PRESERVED,YES,NO,docs/refactoring/plans/phase-a/a6-5/a6-5-legacy-asset-inventory.csv;docs/refactoring/plans/phase-a/a6-5/a6-5-e01-disposition-board.csv;docs/refactoring/plans/phase-a/a6-5/a6-5-legacy-clinical-non-adoption-strategy.md;docs/refactoring/plans/phase-a/a6-5/legacy-asset-decommission-register.csv,E02 matrix write-back only. No physical delete. No E02 clinical body read. A6.5 Exit not executed.
DATA-K020,docs/AI医生/知识内容提取/提取结果/归档/icd10/icd10cm_chinese_mapping.csv,E01_BOARD,QUARANTINED_MEDICAL_SOURCE,NOT_MIGRATED,NOT_AUTHORITY,NOT_RUNTIME_ADOPTED,FUTURE_REBUILD_REQUIRED,PRESERVED,YES,NO,docs/refactoring/plans/phase-a/a6-5/a6-5-legacy-asset-inventory.csv;docs/refactoring/plans/phase-a/a6-5/a6-5-e01-disposition-board.csv;docs/refactoring/plans/phase-a/a6-5/a6-5-legacy-clinical-non-adoption-strategy.md;docs/refactoring/plans/phase-a/a6-5/legacy-asset-decommission-register.csv,E02 matrix write-back only. No physical delete. No E02 clinical body read. A6.5 Exit not executed.
DATA-K021,docs/AI医生/知识内容提取/提取结果/归档/icd10/icd10cm_chinese_mapping.json,E01_BOARD,QUARANTINED_MEDICAL_SOURCE,NOT_MIGRATED,NOT_AUTHORITY,NOT_RUNTIME_ADOPTED,FUTURE_REBUILD_REQUIRED,PRESERVED,YES,NO,docs/refactoring/plans/phase-a/a6-5/a6-5-legacy-asset-inventory.csv;docs/refactoring/plans/phase-a/a6-5/a6-5-e01-disposition-board.csv;docs/refactoring/plans/phase-a/a6-5/a6-5-legacy-clinical-non-adoption-strategy.md;docs/refactoring/plans/phase-a/a6-5/legacy-asset-decommission-register.csv,E02 matrix write-back only. No physical delete. No E02 clinical body read. A6.5 Exit not executed.
DATA-K022,docs/AI医生/知识内容提取/提取结果/归档/icd10/icd10cm_disease_catalog.csv,E01_BOARD,QUARANTINED_MEDICAL_SOURCE,NOT_MIGRATED,NOT_AUTHORITY,NOT_RUNTIME_ADOPTED,FUTURE_REBUILD_REQUIRED,PRESERVED,YES,NO,docs/refactoring/plans/phase-a/a6-5/a6-5-legacy-asset-inventory.csv;docs/refactoring/plans/phase-a/a6-5/a6-5-e01-disposition-board.csv;docs/refactoring/plans/phase-a/a6-5/a6-5-legacy-clinical-non-adoption-strategy.md;docs/refactoring/plans/phase-a/a6-5/legacy-asset-decommission-register.csv,E02 matrix write-back only. No physical delete. No E02 clinical body read. A6.5 Exit not executed.
DATA-K023,docs/AI医生/知识内容提取/提取结果/归档/icd10/icd10cm_disease_catalog.json,E01_BOARD,QUARANTINED_MEDICAL_SOURCE,NOT_MIGRATED,NOT_AUTHORITY,NOT_RUNTIME_ADOPTED,FUTURE_REBUILD_REQUIRED,PRESERVED,YES,NO,docs/refactoring/plans/phase-a/a6-5/a6-5-legacy-asset-inventory.csv;docs/refactoring/plans/phase-a/a6-5/a6-5-e01-disposition-board.csv;docs/refactoring/plans/phase-a/a6-5/a6-5-legacy-clinical-non-adoption-strategy.md;docs/refactoring/plans/phase-a/a6-5/legacy-asset-decommission-register.csv,E02 matrix write-back only. No physical delete. No E02 clinical body read. A6.5 Exit not executed.
DATA-K024,docs/AI医生/知识内容提取/提取结果/归档/icd10/icd10cm_disease_catalog_summary.json,E01_BOARD,QUARANTINED_MEDICAL_SOURCE,NOT_MIGRATED,NOT_AUTHORITY,NOT_RUNTIME_ADOPTED,FUTURE_REBUILD_REQUIRED,PRESERVED,YES,NO,docs/refactoring/plans/phase-a/a6-5/a6-5-legacy-asset-inventory.csv;docs/refactoring/plans/phase-a/a6-5/a6-5-e01-disposition-board.csv;docs/refactoring/plans/phase-a/a6-5/a6-5-legacy-clinical-non-adoption-strategy.md;docs/refactoring/plans/phase-a/a6-5/legacy-asset-decommission-register.csv,E02 matrix write-back only. No physical delete. No E02 clinical body read. A6.5 Exit not executed.
DATA-K025,docs/AI医生/知识内容提取/提取结果/归档/icd10/icd10cm_disease_catalog_tree.json,E01_BOARD,QUARANTINED_MEDICAL_SOURCE,NOT_MIGRATED,NOT_AUTHORITY,NOT_RUNTIME_ADOPTED,FUTURE_REBUILD_REQUIRED,PRESERVED,YES,NO,docs/refactoring/plans/phase-a/a6-5/a6-5-legacy-asset-inventory.csv;docs/refactoring/plans/phase-a/a6-5/a6-5-e01-disposition-board.csv;docs/refactoring/plans/phase-a/a6-5/a6-5-legacy-clinical-non-adoption-strategy.md;docs/refactoring/plans/phase-a/a6-5/legacy-asset-decommission-register.csv,E02 matrix write-back only. No physical delete. No E02 clinical body read. A6.5 Exit not executed.
DATA-K026,docs/AI医生/知识内容提取/提取结果/归档/icd10/icd10cm_disease_catalog_zh_en.csv,E01_BOARD,QUARANTINED_MEDICAL_SOURCE,NOT_MIGRATED,NOT_AUTHORITY,NOT_RUNTIME_ADOPTED,FUTURE_REBUILD_REQUIRED,PRESERVED,YES,NO,docs/refactoring/plans/phase-a/a6-5/a6-5-legacy-asset-inventory.csv;docs/refactoring/plans/phase-a/a6-5/a6-5-e01-disposition-board.csv;docs/refactoring/plans/phase-a/a6-5/a6-5-legacy-clinical-non-adoption-strategy.md;docs/refactoring/plans/phase-a/a6-5/legacy-asset-decommission-register.csv,E02 matrix write-back only. No physical delete. No E02 clinical body read. A6.5 Exit not executed.
DATA-K027,docs/AI医生/知识内容提取/提取结果/贝茨/outline.json,E01_BOARD,QUARANTINED_MEDICAL_SOURCE,NOT_MIGRATED,NOT_AUTHORITY,NOT_RUNTIME_ADOPTED,FUTURE_REBUILD_REQUIRED,PRESERVED,YES,NO,docs/refactoring/plans/phase-a/a6-5/a6-5-legacy-asset-inventory.csv;docs/refactoring/plans/phase-a/a6-5/a6-5-e01-disposition-board.csv;docs/refactoring/plans/phase-a/a6-5/a6-5-legacy-clinical-non-adoption-strategy.md;docs/refactoring/plans/phase-a/a6-5/legacy-asset-decommission-register.csv,E02 matrix write-back only. No physical delete. No E02 clinical body read. A6.5 Exit not executed.
DATA-K028,docs/AI医生/知识内容提取/提取结果/贝茨/outline_health_history_only.json,E01_BOARD,QUARANTINED_MEDICAL_SOURCE,NOT_MIGRATED,NOT_AUTHORITY,NOT_RUNTIME_ADOPTED,FUTURE_REBUILD_REQUIRED,PRESERVED,YES,NO,docs/refactoring/plans/phase-a/a6-5/a6-5-legacy-asset-inventory.csv;docs/refactoring/plans/phase-a/a6-5/a6-5-e01-disposition-board.csv;docs/refactoring/plans/phase-a/a6-5/a6-5-legacy-clinical-non-adoption-strategy.md;docs/refactoring/plans/phase-a/a6-5/legacy-asset-decommission-register.csv,E02 matrix write-back only. No physical delete. No E02 clinical body read. A6.5 Exit not executed.
DATA-K029,docs/AI医生/知识内容提取/提取结果/贝茨/outline_with_end.json,E01_BOARD,QUARANTINED_MEDICAL_SOURCE,NOT_MIGRATED,NOT_AUTHORITY,NOT_RUNTIME_ADOPTED,FUTURE_REBUILD_REQUIRED,PRESERVED,YES,NO,docs/refactoring/plans/phase-a/a6-5/a6-5-legacy-asset-inventory.csv;docs/refactoring/plans/phase-a/a6-5/a6-5-e01-disposition-board.csv;docs/refactoring/plans/phase-a/a6-5/a6-5-legacy-clinical-non-adoption-strategy.md;docs/refactoring/plans/phase-a/a6-5/legacy-asset-decommission-register.csv,E02 matrix write-back only. No physical delete. No E02 clinical body read. A6.5 Exit not executed.
DATA-K030,docs/AI医生/知识内容提取/提取结果/贝茨/《贝茨体格检查和病史采集指南》目录结构表（中英对照 + 页码）.md,E01_BOARD,QUARANTINED_MEDICAL_SOURCE,NOT_MIGRATED,NOT_AUTHORITY,NOT_RUNTIME_ADOPTED,FUTURE_REBUILD_REQUIRED,PRESERVED,YES,NO,docs/refactoring/plans/phase-a/a6-5/a6-5-legacy-asset-inventory.csv;docs/refactoring/plans/phase-a/a6-5/a6-5-e01-disposition-board.csv;docs/refactoring/plans/phase-a/a6-5/a6-5-legacy-clinical-non-adoption-strategy.md;docs/refactoring/plans/phase-a/a6-5/legacy-asset-decommission-register.csv,E02 matrix write-back only. No physical delete. No E02 clinical body read. A6.5 Exit not executed.
DATA-K031,docs/AI医生/知识内容提取/提取结果/贝茨/《贝茨体格检查和病史采集指南》目录结构表（中英对照）.md,E01_BOARD,QUARANTINED_MEDICAL_SOURCE,NOT_MIGRATED,NOT_AUTHORITY,NOT_RUNTIME_ADOPTED,FUTURE_REBUILD_REQUIRED,PRESERVED,YES,NO,docs/refactoring/plans/phase-a/a6-5/a6-5-legacy-asset-inventory.csv;docs/refactoring/plans/phase-a/a6-5/a6-5-e01-disposition-board.csv;docs/refactoring/plans/phase-a/a6-5/a6-5-legacy-clinical-non-adoption-strategy.md;docs/refactoring/plans/phase-a/a6-5/legacy-asset-decommission-register.csv,E02 matrix write-back only. No physical delete. No E02 clinical body read. A6.5 Exit not executed.
DATA-KG001,knowledge-management-service/app/services/schema_service.py,E01_BOARD,LEGACY_CLINICAL,NOT_MIGRATED,NOT_AUTHORITY,NOT_RUNTIME_ADOPTED,FUTURE_REBUILD_REQUIRED,PRESERVED,YES,NO,docs/refactoring/plans/phase-a/a6-5/a6-5-legacy-asset-inventory.csv;docs/refactoring/plans/phase-a/a6-5/a6-5-e01-disposition-board.csv;docs/refactoring/plans/phase-a/a6-5/a6-5-legacy-clinical-non-adoption-strategy.md;docs/refactoring/plans/phase-a/a6-5/legacy-asset-decommission-register.csv,E02 matrix write-back only. No physical delete. No E02 clinical body read. A6.5 Exit not executed.
DATA-KG002,knowledge-management-service/app/utils/neo4j_client.py,E01_BOARD,LEGACY_CLINICAL,NOT_MIGRATED,NOT_AUTHORITY,NOT_RUNTIME_ADOPTED,FUTURE_REBUILD_REQUIRED,PRESERVED,YES,NO,docs/refactoring/plans/phase-a/a6-5/a6-5-legacy-asset-inventory.csv;docs/refactoring/plans/phase-a/a6-5/a6-5-e01-disposition-board.csv;docs/refactoring/plans/phase-a/a6-5/a6-5-legacy-clinical-non-adoption-strategy.md;docs/refactoring/plans/phase-a/a6-5/legacy-asset-decommission-register.csv,E02 matrix write-back only. No physical delete. No E02 clinical body read. A6.5 Exit not executed.
DATA-KG003,knowledge-management-service/app/services/kg_import_service.py,E01_BOARD,LEGACY_CLINICAL,NOT_MIGRATED,NOT_AUTHORITY,NOT_RUNTIME_ADOPTED,FUTURE_REBUILD_REQUIRED,PRESERVED,YES,NO,docs/refactoring/plans/phase-a/a6-5/a6-5-legacy-asset-inventory.csv;docs/refactoring/plans/phase-a/a6-5/a6-5-e01-disposition-board.csv;docs/refactoring/plans/phase-a/a6-5/a6-5-legacy-clinical-non-adoption-strategy.md;docs/refactoring/plans/phase-a/a6-5/legacy-asset-decommission-register.csv,E02 matrix write-back only. No physical delete. No E02 clinical body read. A6.5 Exit not executed.
DATA-KG004,diagnosis-engine-service/app/kg-reasoning-engine/path_retriever.py,E01_BOARD,LEGACY_CLINICAL,NOT_MIGRATED,NOT_AUTHORITY,NOT_RUNTIME_ADOPTED,FUTURE_REBUILD_REQUIRED,PRESERVED,YES,NO,docs/refactoring/plans/phase-a/a6-5/a6-5-legacy-asset-inventory.csv;docs/refactoring/plans/phase-a/a6-5/a6-5-e01-disposition-board.csv;docs/refactoring/plans/phase-a/a6-5/a6-5-legacy-clinical-non-adoption-strategy.md;docs/refactoring/plans/phase-a/a6-5/legacy-asset-decommission-register.csv,E02 matrix write-back only. No physical delete. No E02 clinical body read. A6.5 Exit not executed.
DATA-KG005,diagnosis-engine-service/app/kg-reasoning-engine/path_injector.py,E01_BOARD,LEGACY_CLINICAL,NOT_MIGRATED,NOT_AUTHORITY,NOT_RUNTIME_ADOPTED,FUTURE_REBUILD_REQUIRED,PRESERVED,YES,NO,docs/refactoring/plans/phase-a/a6-5/a6-5-legacy-asset-inventory.csv;docs/refactoring/plans/phase-a/a6-5/a6-5-e01-disposition-board.csv;docs/refactoring/plans/phase-a/a6-5/a6-5-legacy-clinical-non-adoption-strategy.md;docs/refactoring/plans/phase-a/a6-5/legacy-asset-decommission-register.csv,E02 matrix write-back only. No physical delete. No E02 clinical body read. A6.5 Exit not executed.
DATA-KG006,diagnosis-engine-service/app/kg-reasoning-engine/kg_reasoning_engine.py,E01_BOARD,LEGACY_CLINICAL,NOT_MIGRATED,NOT_AUTHORITY,NOT_RUNTIME_ADOPTED,FUTURE_REBUILD_REQUIRED,PRESERVED,YES,NO,docs/refactoring/plans/phase-a/a6-5/a6-5-legacy-asset-inventory.csv;docs/refactoring/plans/phase-a/a6-5/a6-5-e01-disposition-board.csv;docs/refactoring/plans/phase-a/a6-5/a6-5-legacy-clinical-non-adoption-strategy.md;docs/refactoring/plans/phase-a/a6-5/legacy-asset-decommission-register.csv,E02 matrix write-back only. No physical delete. No E02 clinical body read. A6.5 Exit not executed.
DOC-001,docs/AI医生/项目文档/0.文档索引/全局文档索引.md,INVENTORY_DURABLE_DISPOSITION,NON_CLINICAL_RETAINED,KEEP_READ_ONLY,TECHNICAL_COVERAGE_PRESERVED,EVIDENCE_ONLY,EXISTING_TECHNICAL_PATH,PRESERVED,NO,YES,docs/refactoring/plans/phase-a/a6-5/a6-5-legacy-asset-inventory.csv;docs/refactoring/plans/phase-a/a6-5/a6-5-e01-disposition-board.csv;docs/refactoring/plans/phase-a/a6-5/a6-5-legacy-clinical-non-adoption-strategy.md;docs/refactoring/plans/phase-a/a6-5/legacy-asset-decommission-register.csv,E02 matrix write-back only. No physical delete. No E02 clinical body read. A6.5 Exit not executed.
DOC-002,docs/AI医生/项目文档/0.文档索引/按场景索引.md,INVENTORY_DURABLE_DISPOSITION,NON_CLINICAL_RETAINED,KEEP_READ_ONLY,TECHNICAL_COVERAGE_PRESERVED,EVIDENCE_ONLY,EXISTING_TECHNICAL_PATH,PRESERVED,NO,YES,docs/refactoring/plans/phase-a/a6-5/a6-5-legacy-asset-inventory.csv;docs/refactoring/plans/phase-a/a6-5/a6-5-e01-disposition-board.csv;docs/refactoring/plans/phase-a/a6-5/a6-5-legacy-clinical-non-adoption-strategy.md;docs/refactoring/plans/phase-a/a6-5/legacy-asset-decommission-register.csv,E02 matrix write-back only. No physical delete. No E02 clinical body read. A6.5 Exit not executed.
DOC-003,docs/AI医生/项目文档/0.文档索引/按角色索引.md,INVENTORY_DURABLE_DISPOSITION,NON_CLINICAL_RETAINED,KEEP_READ_ONLY,TECHNICAL_COVERAGE_PRESERVED,EVIDENCE_ONLY,EXISTING_TECHNICAL_PATH,PRESERVED,NO,YES,docs/refactoring/plans/phase-a/a6-5/a6-5-legacy-asset-inventory.csv;docs/refactoring/plans/phase-a/a6-5/a6-5-e01-disposition-board.csv;docs/refactoring/plans/phase-a/a6-5/a6-5-legacy-clinical-non-adoption-strategy.md;docs/refactoring/plans/phase-a/a6-5/legacy-asset-decommission-register.csv,E02 matrix write-back only. No physical delete. No E02 clinical body read. A6.5 Exit not executed.
DOC-004,docs/AI医生/项目文档/1.系统概述/AI医生系统 - 系统定位与核心理念.md,INVENTORY_DURABLE_DISPOSITION,NON_CLINICAL_RETAINED,KEEP_READ_ONLY,TECHNICAL_COVERAGE_PRESERVED,EVIDENCE_ONLY,EXISTING_TECHNICAL_PATH,PRESERVED,NO,YES,docs/refactoring/plans/phase-a/a6-5/a6-5-legacy-asset-inventory.csv;docs/refactoring/plans/phase-a/a6-5/a6-5-e01-disposition-board.csv;docs/refactoring/plans/phase-a/a6-5/a6-5-legacy-clinical-non-adoption-strategy.md;docs/refactoring/plans/phase-a/a6-5/legacy-asset-decommission-register.csv,E02 matrix write-back only. No physical delete. No E02 clinical body read. A6.5 Exit not executed.
DOC-005,docs/AI医生/项目文档/1.系统概述/整体架构概述.md,INVENTORY_DURABLE_DISPOSITION,NON_CLINICAL_RETAINED,KEEP_READ_ONLY,TECHNICAL_COVERAGE_PRESERVED,EVIDENCE_ONLY,EXISTING_TECHNICAL_PATH,PRESERVED,NO,YES,docs/refactoring/plans/phase-a/a6-5/a6-5-legacy-asset-inventory.csv;docs/refactoring/plans/phase-a/a6-5/a6-5-e01-disposition-board.csv;docs/refactoring/plans/phase-a/a6-5/a6-5-legacy-clinical-non-adoption-strategy.md;docs/refactoring/plans/phase-a/a6-5/legacy-asset-decommission-register.csv,E02 matrix write-back only. No physical delete. No E02 clinical body read. A6.5 Exit not executed.
DOC-006,docs/AI医生/项目文档/1.系统概述/核心概念与术语.md,INVENTORY_DURABLE_DISPOSITION,NON_CLINICAL_RETAINED,KEEP_READ_ONLY,TECHNICAL_COVERAGE_PRESERVED,EVIDENCE_ONLY,EXISTING_TECHNICAL_PATH,PRESERVED,NO,YES,docs/refactoring/plans/phase-a/a6-5/a6-5-legacy-asset-inventory.csv;docs/refactoring/plans/phase-a/a6-5/a6-5-e01-disposition-board.csv;docs/refactoring/plans/phase-a/a6-5/a6-5-legacy-clinical-non-adoption-strategy.md;docs/refactoring/plans/phase-a/a6-5/legacy-asset-decommission-register.csv,E02 matrix write-back only. No physical delete. No E02 clinical body read. A6.5 Exit not executed.
DOC-007,docs/AI医生/项目文档/1.系统概述/系统定位与核心理念.md,INVENTORY_DURABLE_DISPOSITION,NON_CLINICAL_RETAINED,KEEP_READ_ONLY,TECHNICAL_COVERAGE_PRESERVED,EVIDENCE_ONLY,EXISTING_TECHNICAL_PATH,PRESERVED,NO,YES,docs/refactoring/plans/phase-a/a6-5/a6-5-legacy-asset-inventory.csv;docs/refactoring/plans/phase-a/a6-5/a6-5-e01-disposition-board.csv;docs/refactoring/plans/phase-a/a6-5/a6-5-legacy-clinical-non-adoption-strategy.md;docs/refactoring/plans/phase-a/a6-5/legacy-asset-decommission-register.csv,E02 matrix write-back only. No physical delete. No E02 clinical body read. A6.5 Exit not executed.
DOC-008,docs/AI医生/项目文档/10.实现与部署/技术栈选型.md,INVENTORY_DURABLE_DISPOSITION,NON_CLINICAL_RETAINED,KEEP_READ_ONLY,TECHNICAL_COVERAGE_PRESERVED,EVIDENCE_ONLY,EXISTING_TECHNICAL_PATH,PRESERVED,NO,YES,docs/refactoring/plans/phase-a/a6-5/a6-5-legacy-asset-inventory.csv;docs/refactoring/plans/phase-a/a6-5/a6-5-e01-disposition-board.csv;docs/refactoring/plans/phase-a/a6-5/a6-5-legacy-clinical-non-adoption-strategy.md;docs/refactoring/plans/phase-a/a6-5/legacy-asset-decommission-register.csv,E02 matrix write-back only. No physical delete. No E02 clinical body read. A6.5 Exit not executed.
DOC-009,docs/AI医生/项目文档/10.实现与部署/环境配置指南.md,INVENTORY_DURABLE_DISPOSITION,NON_CLINICAL_RETAINED,KEEP_READ_ONLY,TECHNICAL_COVERAGE_PRESERVED,EVIDENCE_ONLY,EXISTING_TECHNICAL_PATH,PRESERVED,NO,YES,docs/refactoring/plans/phase-a/a6-5/a6-5-legacy-asset-inventory.csv;docs/refactoring/plans/phase-a/a6-5/a6-5-e01-disposition-board.csv;docs/refactoring/plans/phase-a/a6-5/a6-5-legacy-clinical-non-adoption-strategy.md;docs/refactoring/plans/phase-a/a6-5/legacy-asset-decommission-register.csv,E02 matrix write-back only. No physical delete. No E02 clinical body read. A6.5 Exit not executed.
DOC-010,docs/AI医生/项目文档/10.实现与部署/部署架构设计.md,INVENTORY_DURABLE_DISPOSITION,NON_CLINICAL_RETAINED,KEEP_READ_ONLY,TECHNICAL_COVERAGE_PRESERVED,EVIDENCE_ONLY,EXISTING_TECHNICAL_PATH,PRESERVED,NO,YES,docs/refactoring/plans/phase-a/a6-5/a6-5-legacy-asset-inventory.csv;docs/refactoring/plans/phase-a/a6-5/a6-5-e01-disposition-board.csv;docs/refactoring/plans/phase-a/a6-5/a6-5-legacy-clinical-non-adoption-strategy.md;docs/refactoring/plans/phase-a/a6-5/legacy-asset-decommission-register.csv,E02 matrix write-back only. No physical delete. No E02 clinical body read. A6.5 Exit not executed.
DOC-011,docs/AI医生/项目文档/10.实现与部署/项目结构设计.md,INVENTORY_DURABLE_DISPOSITION,NON_CLINICAL_RETAINED,KEEP_READ_ONLY,TECHNICAL_COVERAGE_PRESERVED,EVIDENCE_ONLY,EXISTING_TECHNICAL_PATH,PRESERVED,NO,YES,docs/refactoring/plans/phase-a/a6-5/a6-5-legacy-asset-inventory.csv;docs/refactoring/plans/phase-a/a6-5/a6-5-e01-disposition-board.csv;docs/refactoring/plans/phase-a/a6-5/a6-5-legacy-clinical-non-adoption-strategy.md;docs/refactoring/plans/phase-a/a6-5/legacy-asset-decommission-register.csv,E02 matrix write-back only. No physical delete. No E02 clinical body read. A6.5 Exit not executed.
DOC-012,docs/AI医生/项目文档/11.错误处理与异常/异常场景处理设计.md,E01_BOARD,NON_CLINICAL_RETAINED,MAP,TECHNICAL_COVERAGE_PRESERVED,TECHNICAL_PATH_PRESERVED,EXISTING_TECHNICAL_PATH,PRESERVED,YES,YES,docs/refactoring/plans/phase-a/a6-5/a6-5-legacy-asset-inventory.csv;docs/refactoring/plans/phase-a/a6-5/a6-5-e01-disposition-board.csv;docs/refactoring/plans/phase-a/a6-5/a6-5-legacy-clinical-non-adoption-strategy.md;docs/refactoring/plans/phase-a/a6-5/legacy-asset-decommission-register.csv,E02 matrix write-back only. No physical delete. No E02 clinical body read. A6.5 Exit not executed.
DOC-013,docs/AI医生/项目文档/11.错误处理与异常/错误处理策略设计.md,E01_BOARD,NON_CLINICAL_RETAINED,MAP,TECHNICAL_COVERAGE_PRESERVED,TECHNICAL_PATH_PRESERVED,EXISTING_TECHNICAL_PATH,PRESERVED,YES,YES,docs/refactoring/plans/phase-a/a6-5/a6-5-legacy-asset-inventory.csv;docs/refactoring/plans/phase-a/a6-5/a6-5-e01-disposition-board.csv;docs/refactoring/plans/phase-a/a6-5/a6-5-legacy-clinical-non-adoption-strategy.md;docs/refactoring/plans/phase-a/a6-5/legacy-asset-decommission-register.csv,E02 matrix write-back only. No physical delete. No E02 clinical body read. A6.5 Exit not executed.
DOC-014,docs/AI医生/项目文档/11.错误处理与异常/错误处理规范.md,E01_BOARD,NON_CLINICAL_RETAINED,MAP,TECHNICAL_COVERAGE_PRESERVED,TECHNICAL_PATH_PRESERVED,EXISTING_TECHNICAL_PATH,PRESERVED,YES,YES,docs/refactoring/plans/phase-a/a6-5/a6-5-legacy-asset-inventory.csv;docs/refactoring/plans/phase-a/a6-5/a6-5-e01-disposition-board.csv;docs/refactoring/plans/phase-a/a6-5/a6-5-legacy-clinical-non-adoption-strategy.md;docs/refactoring/plans/phase-a/a6-5/legacy-asset-decommission-register.csv,E02 matrix write-back only. No physical delete. No E02 clinical body read. A6.5 Exit not executed.
DOC-015,docs/AI医生/项目文档/12.性能与评估/复杂度分析.md,E01_BOARD,NON_CLINICAL_RETAINED,MAP,TECHNICAL_COVERAGE_PRESERVED,TECHNICAL_PATH_PRESERVED,EXISTING_TECHNICAL_PATH,PRESERVED,YES,YES,docs/refactoring/plans/phase-a/a6-5/a6-5-legacy-asset-inventory.csv;docs/refactoring/plans/phase-a/a6-5/a6-5-e01-disposition-board.csv;docs/refactoring/plans/phase-a/a6-5/a6-5-legacy-clinical-non-adoption-strategy.md;docs/refactoring/plans/phase-a/a6-5/legacy-asset-decommission-register.csv,E02 matrix write-back only. No physical delete. No E02 clinical body read. A6.5 Exit not executed.
DOC-016,docs/AI医生/项目文档/12.性能与评估/性能优化设计.md,E01_BOARD,NON_CLINICAL_RETAINED,MAP,TECHNICAL_COVERAGE_PRESERVED,TECHNICAL_PATH_PRESERVED,EXISTING_TECHNICAL_PATH,PRESERVED,YES,YES,docs/refactoring/plans/phase-a/a6-5/a6-5-legacy-asset-inventory.csv;docs/refactoring/plans/phase-a/a6-5/a6-5-e01-disposition-board.csv;docs/refactoring/plans/phase-a/a6-5/a6-5-legacy-clinical-non-adoption-strategy.md;docs/refactoring/plans/phase-a/a6-5/legacy-asset-decommission-register.csv,E02 matrix write-back only. No physical delete. No E02 clinical body read. A6.5 Exit not executed.
DOC-017,docs/AI医生/项目文档/12.性能与评估/评估验证体系.md,E01_BOARD,NON_CLINICAL_RETAINED,MAP,TECHNICAL_COVERAGE_PRESERVED,TECHNICAL_PATH_PRESERVED,EXISTING_TECHNICAL_PATH,PRESERVED,YES,YES,docs/refactoring/plans/phase-a/a6-5/a6-5-legacy-asset-inventory.csv;docs/refactoring/plans/phase-a/a6-5/a6-5-e01-disposition-board.csv;docs/refactoring/plans/phase-a/a6-5/a6-5-legacy-clinical-non-adoption-strategy.md;docs/refactoring/plans/phase-a/a6-5/legacy-asset-decommission-register.csv,E02 matrix write-back only. No physical delete. No E02 clinical body read. A6.5 Exit not executed.
DOC-018,docs/AI医生/项目文档/13.技术细节/AOP切面设计思路.md,E01_BOARD,NON_CLINICAL_RETAINED,MAP,TECHNICAL_COVERAGE_PRESERVED,TECHNICAL_PATH_PRESERVED,EXISTING_TECHNICAL_PATH,PRESERVED,YES,YES,docs/refactoring/plans/phase-a/a6-5/a6-5-legacy-asset-inventory.csv;docs/refactoring/plans/phase-a/a6-5/a6-5-e01-disposition-board.csv;docs/refactoring/plans/phase-a/a6-5/a6-5-legacy-clinical-non-adoption-strategy.md;docs/refactoring/plans/phase-a/a6-5/legacy-asset-decommission-register.csv,E02 matrix write-back only. No physical delete. No E02 clinical body read. A6.5 Exit not executed.
DOC-019,docs/AI医生/项目文档/13.技术细节/DR.KNOWS路径推理设计.md,E01_BOARD,LEGACY_CLINICAL,NOT_MIGRATED,NOT_AUTHORITY,NOT_RUNTIME_ADOPTED,FUTURE_REBUILD_REQUIRED,PRESERVED,YES,YES,docs/refactoring/plans/phase-a/a6-5/a6-5-legacy-asset-inventory.csv;docs/refactoring/plans/phase-a/a6-5/a6-5-e01-disposition-board.csv;docs/refactoring/plans/phase-a/a6-5/a6-5-legacy-clinical-non-adoption-strategy.md;docs/refactoring/plans/phase-a/a6-5/legacy-asset-decommission-register.csv,E02 matrix write-back only. No physical delete. No E02 clinical body read. A6.5 Exit not executed.
DOC-020,docs/AI医生/项目文档/13.技术细节/LangChain架构开发流程.md,E01_BOARD,LEGACY_CLINICAL,NOT_MIGRATED,NOT_AUTHORITY,NOT_RUNTIME_ADOPTED,FUTURE_REBUILD_REQUIRED,PRESERVED,YES,YES,docs/refactoring/plans/phase-a/a6-5/a6-5-legacy-asset-inventory.csv;docs/refactoring/plans/phase-a/a6-5/a6-5-e01-disposition-board.csv;docs/refactoring/plans/phase-a/a6-5/a6-5-legacy-clinical-non-adoption-strategy.md;docs/refactoring/plans/phase-a/a6-5/legacy-asset-decommission-register.csv,E02 matrix write-back only. No physical delete. No E02 clinical body read. A6.5 Exit not executed.
DOC-021,docs/AI医生/项目文档/13.技术细节/路径注入LLM详细说明.md,E01_BOARD,LEGACY_CLINICAL,NOT_MIGRATED,NOT_AUTHORITY,NOT_RUNTIME_ADOPTED,FUTURE_REBUILD_REQUIRED,PRESERVED,YES,NO,docs/refactoring/plans/phase-a/a6-5/a6-5-legacy-asset-inventory.csv;docs/refactoring/plans/phase-a/a6-5/a6-5-e01-disposition-board.csv;docs/refactoring/plans/phase-a/a6-5/a6-5-legacy-clinical-non-adoption-strategy.md;docs/refactoring/plans/phase-a/a6-5/legacy-asset-decommission-register.csv,E02 matrix write-back only. No physical delete. No E02 clinical body read. A6.5 Exit not executed.
DOC-022,docs/AI医生/项目文档/2.架构设计/主Agent架构设计.md,E01_BOARD,NON_CLINICAL_RETAINED,MAP,TECHNICAL_COVERAGE_PRESERVED,TECHNICAL_PATH_PRESERVED,EXISTING_TECHNICAL_PATH,PRESERVED,YES,NO,docs/refactoring/plans/phase-a/a6-5/a6-5-legacy-asset-inventory.csv;docs/refactoring/plans/phase-a/a6-5/a6-5-e01-disposition-board.csv;docs/refactoring/plans/phase-a/a6-5/a6-5-legacy-clinical-non-adoption-strategy.md;docs/refactoring/plans/phase-a/a6-5/legacy-asset-decommission-register.csv,E02 matrix write-back only. No physical delete. No E02 clinical body read. A6.5 Exit not executed.
DOC-023,docs/AI医生/项目文档/2.架构设计/双通道推理架构.md,E01_BOARD,NON_CLINICAL_RETAINED,MAP,TECHNICAL_COVERAGE_PRESERVED,TECHNICAL_PATH_PRESERVED,EXISTING_TECHNICAL_PATH,PRESERVED,YES,NO,docs/refactoring/plans/phase-a/a6-5/a6-5-legacy-asset-inventory.csv;docs/refactoring/plans/phase-a/a6-5/a6-5-e01-disposition-board.csv;docs/refactoring/plans/phase-a/a6-5/a6-5-legacy-clinical-non-adoption-strategy.md;docs/refactoring/plans/phase-a/a6-5/legacy-asset-decommission-register.csv,E02 matrix write-back only. No physical delete. No E02 clinical body read. A6.5 Exit not executed.
DOC-024,docs/AI医生/项目文档/2.架构设计/工具系统架构.md,E01_BOARD,NON_CLINICAL_RETAINED,MAP,TECHNICAL_COVERAGE_PRESERVED,TECHNICAL_PATH_PRESERVED,EXISTING_TECHNICAL_PATH,PRESERVED,YES,NO,docs/refactoring/plans/phase-a/a6-5/a6-5-legacy-asset-inventory.csv;docs/refactoring/plans/phase-a/a6-5/a6-5-e01-disposition-board.csv;docs/refactoring/plans/phase-a/a6-5/a6-5-legacy-clinical-non-adoption-strategy.md;docs/refactoring/plans/phase-a/a6-5/legacy-asset-decommission-register.csv,E02 matrix write-back only. No physical delete. No E02 clinical body read. A6.5 Exit not executed.
DOC-025,docs/AI医生/项目文档/3.业务功能设计/临床诊疗态流程设计.md,E01_BOARD,LEGACY_CLINICAL,NOT_MIGRATED,NOT_AUTHORITY,NOT_RUNTIME_ADOPTED,FUTURE_REBUILD_REQUIRED,PRESERVED,YES,NO,docs/refactoring/plans/phase-a/a6-5/a6-5-legacy-asset-inventory.csv;docs/refactoring/plans/phase-a/a6-5/a6-5-e01-disposition-board.csv;docs/refactoring/plans/phase-a/a6-5/a6-5-legacy-clinical-non-adoption-strategy.md;docs/refactoring/plans/phase-a/a6-5/legacy-asset-decommission-register.csv,E02 matrix write-back only. No physical delete. No E02 clinical body read. A6.5 Exit not executed.
DOC-026,docs/AI医生/项目文档/3.业务功能设计/健康管理态流程设计.md,E01_BOARD,LEGACY_CLINICAL,NOT_MIGRATED,NOT_AUTHORITY,NOT_RUNTIME_ADOPTED,FUTURE_REBUILD_REQUIRED,PRESERVED,YES,NO,docs/refactoring/plans/phase-a/a6-5/a6-5-legacy-asset-inventory.csv;docs/refactoring/plans/phase-a/a6-5/a6-5-e01-disposition-board.csv;docs/refactoring/plans/phase-a/a6-5/a6-5-legacy-clinical-non-adoption-strategy.md;docs/refactoring/plans/phase-a/a6-5/legacy-asset-decommission-register.csv,E02 matrix write-back only. No physical delete. No E02 clinical body read. A6.5 Exit not executed.
DOC-027,docs/AI医生/项目文档/3.业务功能设计/入口判定流程设计.md,E01_BOARD,LEGACY_CLINICAL,NOT_MIGRATED,NOT_AUTHORITY,NOT_RUNTIME_ADOPTED,FUTURE_REBUILD_REQUIRED,PRESERVED,YES,NO,docs/refactoring/plans/phase-a/a6-5/a6-5-legacy-asset-inventory.csv;docs/refactoring/plans/phase-a/a6-5/a6-5-e01-disposition-board.csv;docs/refactoring/plans/phase-a/a6-5/a6-5-legacy-clinical-non-adoption-strategy.md;docs/refactoring/plans/phase-a/a6-5/legacy-asset-decommission-register.csv,E02 matrix write-back only. No physical delete. No E02 clinical body read. A6.5 Exit not executed.
DOC-028,docs/AI医生/项目文档/3.业务功能设计/终点结论包设计.md,E01_BOARD,LEGACY_CLINICAL,NOT_MIGRATED,NOT_AUTHORITY,NOT_RUNTIME_ADOPTED,FUTURE_REBUILD_REQUIRED,PRESERVED,YES,NO,docs/refactoring/plans/phase-a/a6-5/a6-5-legacy-asset-inventory.csv;docs/refactoring/plans/phase-a/a6-5/a6-5-e01-disposition-board.csv;docs/refactoring/plans/phase-a/a6-5/a6-5-legacy-clinical-non-adoption-strategy.md;docs/refactoring/plans/phase-a/a6-5/legacy-asset-decommission-register.csv,E02 matrix write-back only. No physical delete. No E02 clinical body read. A6.5 Exit not executed.
DOC-029,docs/AI医生/项目文档/4.工具设计/工具业务逻辑设计.md,E01_BOARD,NON_CLINICAL_RETAINED,MAP,TECHNICAL_COVERAGE_PRESERVED,TECHNICAL_PATH_PRESERVED,EXISTING_TECHNICAL_PATH,PRESERVED,YES,NO,docs/refactoring/plans/phase-a/a6-5/a6-5-legacy-asset-inventory.csv;docs/refactoring/plans/phase-a/a6-5/a6-5-e01-disposition-board.csv;docs/refactoring/plans/phase-a/a6-5/a6-5-legacy-clinical-non-adoption-strategy.md;docs/refactoring/plans/phase-a/a6-5/legacy-asset-decommission-register.csv,E02 matrix write-back only. No physical delete. No E02 clinical body read. A6.5 Exit not executed.
DOC-030,docs/AI医生/项目文档/4.工具设计/工具技术实现.md,E01_BOARD,NON_CLINICAL_RETAINED,MAP,TECHNICAL_COVERAGE_PRESERVED,TECHNICAL_PATH_PRESERVED,EXISTING_TECHNICAL_PATH,PRESERVED,YES,NO,docs/refactoring/plans/phase-a/a6-5/a6-5-legacy-asset-inventory.csv;docs/refactoring/plans/phase-a/a6-5/a6-5-e01-disposition-board.csv;docs/refactoring/plans/phase-a/a6-5/a6-5-legacy-clinical-non-adoption-strategy.md;docs/refactoring/plans/phase-a/a6-5/legacy-asset-decommission-register.csv,E02 matrix write-back only. No physical delete. No E02 clinical body read. A6.5 Exit not executed.
DOC-031,docs/AI医生/项目文档/4.工具设计/工具接口规范.md,E01_BOARD,NON_CLINICAL_RETAINED,MAP,TECHNICAL_COVERAGE_PRESERVED,TECHNICAL_PATH_PRESERVED,EXISTING_TECHNICAL_PATH,PRESERVED,YES,NO,docs/refactoring/plans/phase-a/a6-5/a6-5-legacy-asset-inventory.csv;docs/refactoring/plans/phase-a/a6-5/a6-5-e01-disposition-board.csv;docs/refactoring/plans/phase-a/a6-5/a6-5-legacy-clinical-non-adoption-strategy.md;docs/refactoring/plans/phase-a/a6-5/legacy-asset-decommission-register.csv,E02 matrix write-back only. No physical delete. No E02 clinical body read. A6.5 Exit not executed.
DOC-032,docs/AI医生/项目文档/5.主agent设计/主Agent业务逻辑设计.md,E01_BOARD,NON_CLINICAL_RETAINED,MAP,TECHNICAL_COVERAGE_PRESERVED,TECHNICAL_PATH_PRESERVED,EXISTING_TECHNICAL_PATH,PRESERVED,YES,NO,docs/refactoring/plans/phase-a/a6-5/a6-5-legacy-asset-inventory.csv;docs/refactoring/plans/phase-a/a6-5/a6-5-e01-disposition-board.csv;docs/refactoring/plans/phase-a/a6-5/a6-5-legacy-clinical-non-adoption-strategy.md;docs/refactoring/plans/phase-a/a6-5/legacy-asset-decommission-register.csv,E02 matrix write-back only. No physical delete. No E02 clinical body read. A6.5 Exit not executed.
DOC-033,docs/AI医生/项目文档/5.主agent设计/主Agent技术实现.md,E01_BOARD,NON_CLINICAL_RETAINED,MAP,TECHNICAL_COVERAGE_PRESERVED,TECHNICAL_PATH_PRESERVED,EXISTING_TECHNICAL_PATH,PRESERVED,YES,NO,docs/refactoring/plans/phase-a/a6-5/a6-5-legacy-asset-inventory.csv;docs/refactoring/plans/phase-a/a6-5/a6-5-e01-disposition-board.csv;docs/refactoring/plans/phase-a/a6-5/a6-5-legacy-clinical-non-adoption-strategy.md;docs/refactoring/plans/phase-a/a6-5/legacy-asset-decommission-register.csv,E02 matrix write-back only. No physical delete. No E02 clinical body read. A6.5 Exit not executed.
DOC-034,docs/AI医生/项目文档/5.主agent设计/主Agent核心算法设计.md,E01_BOARD,NON_CLINICAL_RETAINED,MAP,TECHNICAL_COVERAGE_PRESERVED,TECHNICAL_PATH_PRESERVED,EXISTING_TECHNICAL_PATH,PRESERVED,YES,NO,docs/refactoring/plans/phase-a/a6-5/a6-5-legacy-asset-inventory.csv;docs/refactoring/plans/phase-a/a6-5/a6-5-e01-disposition-board.csv;docs/refactoring/plans/phase-a/a6-5/a6-5-legacy-clinical-non-adoption-strategy.md;docs/refactoring/plans/phase-a/a6-5/legacy-asset-decommission-register.csv,E02 matrix write-back only. No physical delete. No E02 clinical body read. A6.5 Exit not executed.
DOC-035,docs/AI医生/项目文档/5.主agent设计/主Agent运行循环设计.md,E01_BOARD,NON_CLINICAL_RETAINED,MAP,TECHNICAL_COVERAGE_PRESERVED,TECHNICAL_PATH_PRESERVED,EXISTING_TECHNICAL_PATH,PRESERVED,YES,NO,docs/refactoring/plans/phase-a/a6-5/a6-5-legacy-asset-inventory.csv;docs/refactoring/plans/phase-a/a6-5/a6-5-e01-disposition-board.csv;docs/refactoring/plans/phase-a/a6-5/a6-5-legacy-clinical-non-adoption-strategy.md;docs/refactoring/plans/phase-a/a6-5/legacy-asset-decommission-register.csv,E02 matrix write-back only. No physical delete. No E02 clinical body read. A6.5 Exit not executed.
DOC-036,docs/AI医生/项目文档/6.数据模型设计/AgentState数据结构设计.md,E01_BOARD,NON_CLINICAL_RETAINED,MAP,TECHNICAL_COVERAGE_PRESERVED,TECHNICAL_PATH_PRESERVED,EXISTING_TECHNICAL_PATH,PRESERVED,YES,NO,docs/refactoring/plans/phase-a/a6-5/a6-5-legacy-asset-inventory.csv;docs/refactoring/plans/phase-a/a6-5/a6-5-e01-disposition-board.csv;docs/refactoring/plans/phase-a/a6-5/a6-5-legacy-clinical-non-adoption-strategy.md;docs/refactoring/plans/phase-a/a6-5/legacy-asset-decommission-register.csv,E02 matrix write-back only. No physical delete. No E02 clinical body read. A6.5 Exit not executed.
DOC-037,docs/AI医生/项目文档/6.数据模型设计/AuditTrail数据结构设计.md,E01_BOARD,NON_CLINICAL_RETAINED,MAP,TECHNICAL_COVERAGE_PRESERVED,TECHNICAL_PATH_PRESERVED,EXISTING_TECHNICAL_PATH,PRESERVED,YES,NO,docs/refactoring/plans/phase-a/a6-5/a6-5-legacy-asset-inventory.csv;docs/refactoring/plans/phase-a/a6-5/a6-5-e01-disposition-board.csv;docs/refactoring/plans/phase-a/a6-5/a6-5-legacy-clinical-non-adoption-strategy.md;docs/refactoring/plans/phase-a/a6-5/legacy-asset-decommission-register.csv,E02 matrix write-back only. No physical delete. No E02 clinical body read. A6.5 Exit not executed.
DOC-038,docs/AI医生/项目文档/6.数据模型设计/CDP数据结构设计.md,E01_BOARD,NON_CLINICAL_RETAINED,MAP,TECHNICAL_COVERAGE_PRESERVED,TECHNICAL_PATH_PRESERVED,EXISTING_TECHNICAL_PATH,PRESERVED,YES,NO,docs/refactoring/plans/phase-a/a6-5/a6-5-legacy-asset-inventory.csv;docs/refactoring/plans/phase-a/a6-5/a6-5-e01-disposition-board.csv;docs/refactoring/plans/phase-a/a6-5/a6-5-legacy-clinical-non-adoption-strategy.md;docs/refactoring/plans/phase-a/a6-5/legacy-asset-decommission-register.csv,E02 matrix write-back only. No physical delete. No E02 clinical body read. A6.5 Exit not executed.
DOC-039,docs/AI医生/项目文档/6.数据模型设计/实体类与DTO设计.md,E01_BOARD,NON_CLINICAL_RETAINED,MAP,TECHNICAL_COVERAGE_PRESERVED,TECHNICAL_PATH_PRESERVED,EXISTING_TECHNICAL_PATH,PRESERVED,YES,NO,docs/refactoring/plans/phase-a/a6-5/a6-5-legacy-asset-inventory.csv;docs/refactoring/plans/phase-a/a6-5/a6-5-e01-disposition-board.csv;docs/refactoring/plans/phase-a/a6-5/a6-5-legacy-clinical-non-adoption-strategy.md;docs/refactoring/plans/phase-a/a6-5/legacy-asset-decommission-register.csv,E02 matrix write-back only. No physical delete. No E02 clinical body read. A6.5 Exit not executed.
DOC-043,docs/AI医生/项目文档/8.前端设计/入口设计规范.md,E01_BOARD,LEGACY_CLINICAL,NOT_MIGRATED,NOT_AUTHORITY,NOT_RUNTIME_ADOPTED,FUTURE_REBUILD_REQUIRED,PRESERVED,YES,NO,docs/refactoring/plans/phase-a/a6-5/a6-5-legacy-asset-inventory.csv;docs/refactoring/plans/phase-a/a6-5/a6-5-e01-disposition-board.csv;docs/refactoring/plans/phase-a/a6-5/a6-5-legacy-clinical-non-adoption-strategy.md;docs/refactoring/plans/phase-a/a6-5/legacy-asset-decommission-register.csv,E02 matrix write-back only. No physical delete. No E02 clinical body read. A6.5 Exit not executed.
DOC-045,docs/AI医生/项目文档/8.前端设计/用户交互流程设计.md,E01_BOARD,LEGACY_CLINICAL,NOT_MIGRATED,NOT_AUTHORITY,NOT_RUNTIME_ADOPTED,FUTURE_REBUILD_REQUIRED,PRESERVED,YES,NO,docs/refactoring/plans/phase-a/a6-5/a6-5-legacy-asset-inventory.csv;docs/refactoring/plans/phase-a/a6-5/a6-5-e01-disposition-board.csv;docs/refactoring/plans/phase-a/a6-5/a6-5-legacy-clinical-non-adoption-strategy.md;docs/refactoring/plans/phase-a/a6-5/legacy-asset-decommission-register.csv,E02 matrix write-back only. No physical delete. No E02 clinical body read. A6.5 Exit not executed.
DOC-046,docs/AI医生/项目文档/9.知识演化设计/知识演化与知识维护-完整设计方案.md,E01_BOARD,LEGACY_CLINICAL,NOT_MIGRATED,NOT_AUTHORITY,NOT_RUNTIME_ADOPTED,FUTURE_REBUILD_REQUIRED,PRESERVED,YES,NO,docs/refactoring/plans/phase-a/a6-5/a6-5-legacy-asset-inventory.csv;docs/refactoring/plans/phase-a/a6-5/a6-5-e01-disposition-board.csv;docs/refactoring/plans/phase-a/a6-5/a6-5-legacy-clinical-non-adoption-strategy.md;docs/refactoring/plans/phase-a/a6-5/legacy-asset-decommission-register.csv,E02 matrix write-back only. No physical delete. No E02 clinical body read. A6.5 Exit not executed.
DOC-047,docs/AI医生/项目文档/9.知识演化设计/知识演化业务逻辑.md,E01_BOARD,LEGACY_CLINICAL,NOT_MIGRATED,NOT_AUTHORITY,NOT_RUNTIME_ADOPTED,FUTURE_REBUILD_REQUIRED,PRESERVED,YES,NO,docs/refactoring/plans/phase-a/a6-5/a6-5-legacy-asset-inventory.csv;docs/refactoring/plans/phase-a/a6-5/a6-5-e01-disposition-board.csv;docs/refactoring/plans/phase-a/a6-5/a6-5-legacy-clinical-non-adoption-strategy.md;docs/refactoring/plans/phase-a/a6-5/legacy-asset-decommission-register.csv,E02 matrix write-back only. No physical delete. No E02 clinical body read. A6.5 Exit not executed.
DOC-048,docs/AI医生/项目文档/9.知识演化设计/知识演化技术实现.md,E01_BOARD,LEGACY_CLINICAL,NOT_MIGRATED,NOT_AUTHORITY,NOT_RUNTIME_ADOPTED,FUTURE_REBUILD_REQUIRED,PRESERVED,YES,NO,docs/refactoring/plans/phase-a/a6-5/a6-5-legacy-asset-inventory.csv;docs/refactoring/plans/phase-a/a6-5/a6-5-e01-disposition-board.csv;docs/refactoring/plans/phase-a/a6-5/a6-5-legacy-clinical-non-adoption-strategy.md;docs/refactoring/plans/phase-a/a6-5/legacy-asset-decommission-register.csv,E02 matrix write-back only. No physical delete. No E02 clinical body read. A6.5 Exit not executed.
DOC-049,docs/AI医生/项目文档/9.知识演化设计/知识演化架构设计.md,E01_BOARD,LEGACY_CLINICAL,NOT_MIGRATED,NOT_AUTHORITY,NOT_RUNTIME_ADOPTED,FUTURE_REBUILD_REQUIRED,PRESERVED,YES,NO,docs/refactoring/plans/phase-a/a6-5/a6-5-legacy-asset-inventory.csv;docs/refactoring/plans/phase-a/a6-5/a6-5-e01-disposition-board.csv;docs/refactoring/plans/phase-a/a6-5/a6-5-legacy-clinical-non-adoption-strategy.md;docs/refactoring/plans/phase-a/a6-5/legacy-asset-decommission-register.csv,E02 matrix write-back only. No physical delete. No E02 clinical body read. A6.5 Exit not executed.
ENG-001,docker-compose.yml,E01_BOARD,NON_CLINICAL_RETAINED,ADAPT,TECHNICAL_COVERAGE_PRESERVED,TECHNICAL_PATH_PRESERVED,EXISTING_TECHNICAL_PATH,PRESERVED,YES,NO,docs/refactoring/plans/phase-a/a6-5/a6-5-legacy-asset-inventory.csv;docs/refactoring/plans/phase-a/a6-5/a6-5-e01-disposition-board.csv;docs/refactoring/plans/phase-a/a6-5/a6-5-legacy-clinical-non-adoption-strategy.md;docs/refactoring/plans/phase-a/a6-5/legacy-asset-decommission-register.csv,E02 matrix write-back only. No physical delete. No E02 clinical body read. A6.5 Exit not executed.
ENG-002,monitoring/docker-compose.yml,E01_BOARD,NON_CLINICAL_RETAINED,ADAPT,TECHNICAL_COVERAGE_PRESERVED,TECHNICAL_PATH_PRESERVED,EXISTING_TECHNICAL_PATH,PRESERVED,YES,NO,docs/refactoring/plans/phase-a/a6-5/a6-5-legacy-asset-inventory.csv;docs/refactoring/plans/phase-a/a6-5/a6-5-e01-disposition-board.csv;docs/refactoring/plans/phase-a/a6-5/a6-5-legacy-clinical-non-adoption-strategy.md;docs/refactoring/plans/phase-a/a6-5/legacy-asset-decommission-register.csv,E02 matrix write-back only. No physical delete. No E02 clinical body read. A6.5 Exit not executed.
ENG-006,common/aidoctor_trace/trace_decorator.py,E01_BOARD,NON_CLINICAL_RETAINED,ADAPT,TECHNICAL_COVERAGE_PRESERVED,TECHNICAL_PATH_PRESERVED,EXISTING_TECHNICAL_PATH,PRESERVED,YES,NO,docs/refactoring/plans/phase-a/a6-5/a6-5-legacy-asset-inventory.csv;docs/refactoring/plans/phase-a/a6-5/a6-5-e01-disposition-board.csv;docs/refactoring/plans/phase-a/a6-5/a6-5-legacy-clinical-non-adoption-strategy.md;docs/refactoring/plans/phase-a/a6-5/legacy-asset-decommission-register.csv,E02 matrix write-back only. No physical delete. No E02 clinical body read. A6.5 Exit not executed.
ENG-007,common/aidoctor_logger/logger.py,E01_BOARD,NON_CLINICAL_RETAINED,ADAPT,TECHNICAL_COVERAGE_PRESERVED,TECHNICAL_PATH_PRESERVED,EXISTING_TECHNICAL_PATH,PRESERVED,YES,NO,docs/refactoring/plans/phase-a/a6-5/a6-5-legacy-asset-inventory.csv;docs/refactoring/plans/phase-a/a6-5/a6-5-e01-disposition-board.csv;docs/refactoring/plans/phase-a/a6-5/a6-5-legacy-clinical-non-adoption-strategy.md;docs/refactoring/plans/phase-a/a6-5/legacy-asset-decommission-register.csv,E02 matrix write-back only. No physical delete. No E02 clinical body read. A6.5 Exit not executed.
MODEL-001,common/aidoctor_llm/llm_client.py,E01_BOARD,NON_CLINICAL_RETAINED,MAP,TECHNICAL_COVERAGE_PRESERVED,TECHNICAL_PATH_PRESERVED,EXISTING_TECHNICAL_PATH,PRESERVED,YES,NO,docs/refactoring/plans/phase-a/a6-5/a6-5-legacy-asset-inventory.csv;docs/refactoring/plans/phase-a/a6-5/a6-5-e01-disposition-board.csv;docs/refactoring/plans/phase-a/a6-5/a6-5-legacy-clinical-non-adoption-strategy.md;docs/refactoring/plans/phase-a/a6-5/legacy-asset-decommission-register.csv,E02 matrix write-back only. No physical delete. No E02 clinical body read. A6.5 Exit not executed.
MODEL-002,common/aidoctor_llm/config.py,E01_BOARD,NON_CLINICAL_RETAINED,MAP,TECHNICAL_COVERAGE_PRESERVED,TECHNICAL_PATH_PRESERVED,EXISTING_TECHNICAL_PATH,PRESERVED,YES,NO,docs/refactoring/plans/phase-a/a6-5/a6-5-legacy-asset-inventory.csv;docs/refactoring/plans/phase-a/a6-5/a6-5-e01-disposition-board.csv;docs/refactoring/plans/phase-a/a6-5/a6-5-legacy-clinical-non-adoption-strategy.md;docs/refactoring/plans/phase-a/a6-5/legacy-asset-decommission-register.csv,E02 matrix write-back only. No physical delete. No E02 clinical body read. A6.5 Exit not executed.
MODEL-003,diagnosis-engine-service/app/config/settings.py,E01_BOARD,NON_CLINICAL_RETAINED,MAP,TECHNICAL_COVERAGE_PRESERVED,TECHNICAL_PATH_PRESERVED,EXISTING_TECHNICAL_PATH,PRESERVED,YES,NO,docs/refactoring/plans/phase-a/a6-5/a6-5-legacy-asset-inventory.csv;docs/refactoring/plans/phase-a/a6-5/a6-5-e01-disposition-board.csv;docs/refactoring/plans/phase-a/a6-5/a6-5-legacy-clinical-non-adoption-strategy.md;docs/refactoring/plans/phase-a/a6-5/legacy-asset-decommission-register.csv,E02 matrix write-back only. No physical delete. No E02 clinical body read. A6.5 Exit not executed.
MODEL-004,diagnosis-engine-service/app/engines/llm_engine.py,E01_BOARD,NON_CLINICAL_RETAINED,MAP,TECHNICAL_COVERAGE_PRESERVED,TECHNICAL_PATH_PRESERVED,EXISTING_TECHNICAL_PATH,PRESERVED,YES,NO,docs/refactoring/plans/phase-a/a6-5/a6-5-legacy-asset-inventory.csv;docs/refactoring/plans/phase-a/a6-5/a6-5-e01-disposition-board.csv;docs/refactoring/plans/phase-a/a6-5/a6-5-legacy-clinical-non-adoption-strategy.md;docs/refactoring/plans/phase-a/a6-5/legacy-asset-decommission-register.csv,E02 matrix write-back only. No physical delete. No E02 clinical body read. A6.5 Exit not executed.
MODEL-005,diagnosis-engine-service/app/multi-engine-fusion/llm_engine.py,E01_BOARD,NON_CLINICAL_RETAINED,MAP,TECHNICAL_COVERAGE_PRESERVED,TECHNICAL_PATH_PRESERVED,EXISTING_TECHNICAL_PATH,PRESERVED,YES,NO,docs/refactoring/plans/phase-a/a6-5/a6-5-legacy-asset-inventory.csv;docs/refactoring/plans/phase-a/a6-5/a6-5-e01-disposition-board.csv;docs/refactoring/plans/phase-a/a6-5/a6-5-legacy-clinical-non-adoption-strategy.md;docs/refactoring/plans/phase-a/a6-5/legacy-asset-decommission-register.csv,E02 matrix write-back only. No physical delete. No E02 clinical body read. A6.5 Exit not executed.
MODEL-006,health-state-assessment-service/app/services/nlu/ner_model.py,E01_BOARD,NON_CLINICAL_RETAINED,MAP,TECHNICAL_COVERAGE_PRESERVED,TECHNICAL_PATH_PRESERVED,EXISTING_TECHNICAL_PATH,PRESERVED,YES,NO,docs/refactoring/plans/phase-a/a6-5/a6-5-legacy-asset-inventory.csv;docs/refactoring/plans/phase-a/a6-5/a6-5-e01-disposition-board.csv;docs/refactoring/plans/phase-a/a6-5/a6-5-legacy-clinical-non-adoption-strategy.md;docs/refactoring/plans/phase-a/a6-5/legacy-asset-decommission-register.csv,E02 matrix write-back only. No physical delete. No E02 clinical body read. A6.5 Exit not executed.
MODEL-007,ocr-service/app/services/ocr_service.py,E01_BOARD,NON_CLINICAL_RETAINED,MAP,TECHNICAL_COVERAGE_PRESERVED,TECHNICAL_PATH_PRESERVED,EXISTING_TECHNICAL_PATH,PRESERVED,YES,NO,docs/refactoring/plans/phase-a/a6-5/a6-5-legacy-asset-inventory.csv;docs/refactoring/plans/phase-a/a6-5/a6-5-e01-disposition-board.csv;docs/refactoring/plans/phase-a/a6-5/a6-5-legacy-clinical-non-adoption-strategy.md;docs/refactoring/plans/phase-a/a6-5/legacy-asset-decommission-register.csv,E02 matrix write-back only. No physical delete. No E02 clinical body read. A6.5 Exit not executed.
MODEL-008,DRKnows-main/generate_CUI_embedding.py,E01_BOARD,NON_CLINICAL_RETAINED,MAP,TECHNICAL_COVERAGE_PRESERVED,TECHNICAL_PATH_PRESERVED,EXISTING_TECHNICAL_PATH,PRESERVED,YES,NO,docs/refactoring/plans/phase-a/a6-5/a6-5-legacy-asset-inventory.csv;docs/refactoring/plans/phase-a/a6-5/a6-5-e01-disposition-board.csv;docs/refactoring/plans/phase-a/a6-5/a6-5-legacy-clinical-non-adoption-strategy.md;docs/refactoring/plans/phase-a/a6-5/legacy-asset-decommission-register.csv,E02 matrix write-back only. No physical delete. No E02 clinical body read. A6.5 Exit not executed.
MODEL-009,docker-compose.yml,E01_BOARD,NON_CLINICAL_RETAINED,MAP,TECHNICAL_COVERAGE_PRESERVED,TECHNICAL_PATH_PRESERVED,EXISTING_TECHNICAL_PATH,PRESERVED,YES,NO,docs/refactoring/plans/phase-a/a6-5/a6-5-legacy-asset-inventory.csv;docs/refactoring/plans/phase-a/a6-5/a6-5-e01-disposition-board.csv;docs/refactoring/plans/phase-a/a6-5/a6-5-legacy-clinical-non-adoption-strategy.md;docs/refactoring/plans/phase-a/a6-5/legacy-asset-decommission-register.csv,E02 matrix write-back only. No physical delete. No E02 clinical body read. A6.5 Exit not executed.
PHI-001,diagnosis-service runtime DB entities CDP/DiagnosisRecord/etc,E01_BOARD,QUARANTINED_PHI,NOT_MIGRATED,NOT_AUTHORITY,NOT_RUNTIME_ADOPTED,GOVERNANCE_PATH_ONLY,PRESERVED,YES,NO,docs/refactoring/plans/phase-a/a6-5/a6-5-legacy-asset-inventory.csv;docs/refactoring/plans/phase-a/a6-5/a6-5-e01-disposition-board.csv;docs/refactoring/plans/phase-a/a6-5/a6-5-legacy-clinical-non-adoption-strategy.md;docs/refactoring/plans/phase-a/a6-5/legacy-asset-decommission-register.csv,E02 matrix write-back only. No physical delete. No E02 clinical body read. A6.5 Exit not executed.
PHI-002,examination-service uploads/reports/{userId}/,E01_BOARD,QUARANTINED_PHI,NOT_MIGRATED,NOT_AUTHORITY,NOT_RUNTIME_ADOPTED,GOVERNANCE_PATH_ONLY,PRESERVED,YES,NO,docs/refactoring/plans/phase-a/a6-5/a6-5-legacy-asset-inventory.csv;docs/refactoring/plans/phase-a/a6-5/a6-5-e01-disposition-board.csv;docs/refactoring/plans/phase-a/a6-5/a6-5-legacy-clinical-non-adoption-strategy.md;docs/refactoring/plans/phase-a/a6-5/legacy-asset-decommission-register.csv,E02 matrix write-back only. No physical delete. No E02 clinical body read. A6.5 Exit not executed.
PHI-003,dialog-service Redis key dialog:context:{cdp_id},E01_BOARD,QUARANTINED_PHI,NOT_MIGRATED,NOT_AUTHORITY,NOT_RUNTIME_ADOPTED,GOVERNANCE_PATH_ONLY,PRESERVED,YES,NO,docs/refactoring/plans/phase-a/a6-5/a6-5-legacy-asset-inventory.csv;docs/refactoring/plans/phase-a/a6-5/a6-5-e01-disposition-board.csv;docs/refactoring/plans/phase-a/a6-5/a6-5-legacy-clinical-non-adoption-strategy.md;docs/refactoring/plans/phase-a/a6-5/legacy-asset-decommission-register.csv,E02 matrix write-back only. No physical delete. No E02 clinical body read. A6.5 Exit not executed.
PHI-004,ocr-service input/output buffers,E01_BOARD,QUARANTINED_PHI,NOT_MIGRATED,NOT_AUTHORITY,NOT_RUNTIME_ADOPTED,GOVERNANCE_PATH_ONLY,PRESERVED,YES,NO,docs/refactoring/plans/phase-a/a6-5/a6-5-legacy-asset-inventory.csv;docs/refactoring/plans/phase-a/a6-5/a6-5-e01-disposition-board.csv;docs/refactoring/plans/phase-a/a6-5/a6-5-legacy-clinical-non-adoption-strategy.md;docs/refactoring/plans/phase-a/a6-5/legacy-asset-decommission-register.csv,E02 matrix write-back only. No physical delete. No E02 clinical body read. A6.5 Exit not executed.
PHI-005,execution-trace-service ExecutionTrace store,E01_BOARD,QUARANTINED_PHI,NOT_MIGRATED,NOT_AUTHORITY,NOT_RUNTIME_ADOPTED,GOVERNANCE_PATH_ONLY,PRESERVED,YES,NO,docs/refactoring/plans/phase-a/a6-5/a6-5-legacy-asset-inventory.csv;docs/refactoring/plans/phase-a/a6-5/a6-5-e01-disposition-board.csv;docs/refactoring/plans/phase-a/a6-5/a6-5-legacy-clinical-non-adoption-strategy.md;docs/refactoring/plans/phase-a/a6-5/legacy-asset-decommission-register.csv,E02 matrix write-back only. No physical delete. No E02 clinical body read. A6.5 Exit not executed.
PHI-006,frontend/src/components/cdp-visualization/,E01_BOARD,QUARANTINED_PHI,NOT_MIGRATED,NOT_AUTHORITY,NOT_RUNTIME_ADOPTED,GOVERNANCE_PATH_ONLY,PRESERVED,YES,NO,docs/refactoring/plans/phase-a/a6-5/a6-5-legacy-asset-inventory.csv;docs/refactoring/plans/phase-a/a6-5/a6-5-e01-disposition-board.csv;docs/refactoring/plans/phase-a/a6-5/a6-5-legacy-clinical-non-adoption-strategy.md;docs/refactoring/plans/phase-a/a6-5/legacy-asset-decommission-register.csv,E02 matrix write-back only. No physical delete. No E02 clinical body read. A6.5 Exit not executed.
PROMPT-001,common/aidoctor_llm/prompt_manager.py,E01_BOARD,LEGACY_CLINICAL,NOT_MIGRATED,NOT_AUTHORITY,NOT_RUNTIME_ADOPTED,FUTURE_REBUILD_REQUIRED,PRESERVED,YES,YES,docs/refactoring/plans/phase-a/a6-5/a6-5-legacy-asset-inventory.csv;docs/refactoring/plans/phase-a/a6-5/a6-5-e01-disposition-board.csv;docs/refactoring/plans/phase-a/a6-5/a6-5-legacy-clinical-non-adoption-strategy.md;docs/refactoring/plans/phase-a/a6-5/legacy-asset-decommission-register.csv,E02 matrix write-back only. No physical delete. No E02 clinical body read. A6.5 Exit not executed.
PROMPT-002,diagnosis-engine-service/app/utils/prompt_templates.py,E01_BOARD,LEGACY_CLINICAL,NOT_MIGRATED,NOT_AUTHORITY,NOT_RUNTIME_ADOPTED,FUTURE_REBUILD_REQUIRED,PRESERVED,YES,YES,docs/refactoring/plans/phase-a/a6-5/a6-5-legacy-asset-inventory.csv;docs/refactoring/plans/phase-a/a6-5/a6-5-e01-disposition-board.csv;docs/refactoring/plans/phase-a/a6-5/a6-5-legacy-clinical-non-adoption-strategy.md;docs/refactoring/plans/phase-a/a6-5/legacy-asset-decommission-register.csv,E02 matrix write-back only. No physical delete. No E02 clinical body read. A6.5 Exit not executed.
PROMPT-003,diagnosis-engine-service/app/config/prompt_templates/diagnosis_reasoning.jinja2,E01_BOARD,LEGACY_CLINICAL,NOT_MIGRATED,NOT_AUTHORITY,NOT_RUNTIME_ADOPTED,FUTURE_REBUILD_REQUIRED,PRESERVED,YES,YES,docs/refactoring/plans/phase-a/a6-5/a6-5-legacy-asset-inventory.csv;docs/refactoring/plans/phase-a/a6-5/a6-5-e01-disposition-board.csv;docs/refactoring/plans/phase-a/a6-5/a6-5-legacy-clinical-non-adoption-strategy.md;docs/refactoring/plans/phase-a/a6-5/legacy-asset-decommission-register.csv,E02 matrix write-back only. No physical delete. No E02 clinical body read. A6.5 Exit not executed.
PROMPT-004,diagnosis-engine-service/app/config/prompt_templates/path_injection.jinja2,E01_BOARD,LEGACY_CLINICAL,NOT_MIGRATED,NOT_AUTHORITY,NOT_RUNTIME_ADOPTED,FUTURE_REBUILD_REQUIRED,PRESERVED,YES,YES,docs/refactoring/plans/phase-a/a6-5/a6-5-legacy-asset-inventory.csv;docs/refactoring/plans/phase-a/a6-5/a6-5-e01-disposition-board.csv;docs/refactoring/plans/phase-a/a6-5/a6-5-legacy-clinical-non-adoption-strategy.md;docs/refactoring/plans/phase-a/a6-5/legacy-asset-decommission-register.csv,E02 matrix write-back only. No physical delete. No E02 clinical body read. A6.5 Exit not executed.
PROMPT-005,diagnosis-engine-service/app/config/prompt_templates/question_generation.jinja2,E01_BOARD,LEGACY_CLINICAL,NOT_MIGRATED,NOT_AUTHORITY,NOT_RUNTIME_ADOPTED,FUTURE_REBUILD_REQUIRED,PRESERVED,YES,YES,docs/refactoring/plans/phase-a/a6-5/a6-5-legacy-asset-inventory.csv;docs/refactoring/plans/phase-a/a6-5/a6-5-e01-disposition-board.csv;docs/refactoring/plans/phase-a/a6-5/a6-5-legacy-clinical-non-adoption-strategy.md;docs/refactoring/plans/phase-a/a6-5/legacy-asset-decommission-register.csv,E02 matrix write-back only. No physical delete. No E02 clinical body read. A6.5 Exit not executed.
PROMPT-006,diagnosis-engine-service/app/config/prompt_templates/explanation_generation.jinja2,E01_BOARD,LEGACY_CLINICAL,NOT_MIGRATED,NOT_AUTHORITY,NOT_RUNTIME_ADOPTED,FUTURE_REBUILD_REQUIRED,PRESERVED,YES,YES,docs/refactoring/plans/phase-a/a6-5/a6-5-legacy-asset-inventory.csv;docs/refactoring/plans/phase-a/a6-5/a6-5-e01-disposition-board.csv;docs/refactoring/plans/phase-a/a6-5/a6-5-legacy-clinical-non-adoption-strategy.md;docs/refactoring/plans/phase-a/a6-5/legacy-asset-decommission-register.csv,E02 matrix write-back only. No physical delete. No E02 clinical body read. A6.5 Exit not executed.
PROMPT-007,diagnosis-engine-service/app/config/prompt_templates/templates.yaml,E01_BOARD,LEGACY_CLINICAL,NOT_MIGRATED,NOT_AUTHORITY,NOT_RUNTIME_ADOPTED,FUTURE_REBUILD_REQUIRED,PRESERVED,YES,YES,docs/refactoring/plans/phase-a/a6-5/a6-5-legacy-asset-inventory.csv;docs/refactoring/plans/phase-a/a6-5/a6-5-e01-disposition-board.csv;docs/refactoring/plans/phase-a/a6-5/a6-5-legacy-clinical-non-adoption-strategy.md;docs/refactoring/plans/phase-a/a6-5/legacy-asset-decommission-register.csv,E02 matrix write-back only. No physical delete. No E02 clinical body read. A6.5 Exit not executed.
PROMPT-008,health-state-assessment-service/app/services/nlu/prompt_manager.py,E01_BOARD,LEGACY_CLINICAL,NOT_MIGRATED,NOT_AUTHORITY,NOT_RUNTIME_ADOPTED,FUTURE_REBUILD_REQUIRED,PRESERVED,YES,YES,docs/refactoring/plans/phase-a/a6-5/a6-5-legacy-asset-inventory.csv;docs/refactoring/plans/phase-a/a6-5/a6-5-e01-disposition-board.csv;docs/refactoring/plans/phase-a/a6-5/a6-5-legacy-clinical-non-adoption-strategy.md;docs/refactoring/plans/phase-a/a6-5/legacy-asset-decommission-register.csv,E02 matrix write-back only. No physical delete. No E02 clinical body read. A6.5 Exit not executed.
PROMPT-009,dialog-service/app/utils/prompt_manager.py,E01_BOARD,LEGACY_CLINICAL,NOT_MIGRATED,NOT_AUTHORITY,NOT_RUNTIME_ADOPTED,FUTURE_REBUILD_REQUIRED,PRESERVED,YES,YES,docs/refactoring/plans/phase-a/a6-5/a6-5-legacy-asset-inventory.csv;docs/refactoring/plans/phase-a/a6-5/a6-5-e01-disposition-board.csv;docs/refactoring/plans/phase-a/a6-5/a6-5-legacy-clinical-non-adoption-strategy.md;docs/refactoring/plans/phase-a/a6-5/legacy-asset-decommission-register.csv,E02 matrix write-back only. No physical delete. No E02 clinical body read. A6.5 Exit not executed.
PROMPT-010,dialog-service/app/core/nlu.py,E01_BOARD,LEGACY_CLINICAL,NOT_MIGRATED,NOT_AUTHORITY,NOT_RUNTIME_ADOPTED,FUTURE_REBUILD_REQUIRED,PRESERVED,YES,YES,docs/refactoring/plans/phase-a/a6-5/a6-5-legacy-asset-inventory.csv;docs/refactoring/plans/phase-a/a6-5/a6-5-e01-disposition-board.csv;docs/refactoring/plans/phase-a/a6-5/a6-5-legacy-clinical-non-adoption-strategy.md;docs/refactoring/plans/phase-a/a6-5/legacy-asset-decommission-register.csv,E02 matrix write-back only. No physical delete. No E02 clinical body read. A6.5 Exit not executed.
PROMPT-011,explanation-service/app/builders/explanation_generator.py,E01_BOARD,LEGACY_CLINICAL,NOT_MIGRATED,NOT_AUTHORITY,NOT_RUNTIME_ADOPTED,FUTURE_REBUILD_REQUIRED,PRESERVED,YES,YES,docs/refactoring/plans/phase-a/a6-5/a6-5-legacy-asset-inventory.csv;docs/refactoring/plans/phase-a/a6-5/a6-5-e01-disposition-board.csv;docs/refactoring/plans/phase-a/a6-5/a6-5-legacy-clinical-non-adoption-strategy.md;docs/refactoring/plans/phase-a/a6-5/legacy-asset-decommission-register.csv,E02 matrix write-back only. No physical delete. No E02 clinical body read. A6.5 Exit not executed.
PROMPT-012,docs/refactoring/evidence/phase-a/a2/prompt-inventory.csv,INVENTORY_DURABLE_DISPOSITION,NON_CLINICAL_RETAINED,KEEP_READ_ONLY,TECHNICAL_COVERAGE_PRESERVED,EVIDENCE_ONLY,EXISTING_TECHNICAL_PATH,PRESERVED,NO,YES,docs/refactoring/plans/phase-a/a6-5/a6-5-legacy-asset-inventory.csv;docs/refactoring/plans/phase-a/a6-5/a6-5-e01-disposition-board.csv;docs/refactoring/plans/phase-a/a6-5/a6-5-legacy-clinical-non-adoption-strategy.md;docs/refactoring/plans/phase-a/a6-5/legacy-asset-decommission-register.csv,E02 matrix write-back only. No physical delete. No E02 clinical body read. A6.5 Exit not executed.
PROMPT-013,docs/AI医生/知识内容提取/提取脚本/merge_hpo_chinese.py,INVENTORY_DURABLE_DISPOSITION,LEGACY_CLINICAL,NOT_MIGRATED,NOT_AUTHORITY,NOT_RUNTIME_ADOPTED,FUTURE_REBUILD_REQUIRED,PRESERVED,NO,YES,docs/refactoring/plans/phase-a/a6-5/a6-5-legacy-asset-inventory.csv;docs/refactoring/plans/phase-a/a6-5/a6-5-e01-disposition-board.csv;docs/refactoring/plans/phase-a/a6-5/a6-5-legacy-clinical-non-adoption-strategy.md;docs/refactoring/plans/phase-a/a6-5/legacy-asset-decommission-register.csv,E02 matrix write-back only. No physical delete. No E02 clinical body read. A6.5 Exit not executed.
PROMPT-014,docs/AI医生/知识内容提取/提取脚本/parse_and_translate_icpc_xml.py,INVENTORY_DURABLE_DISPOSITION,LEGACY_CLINICAL,NOT_MIGRATED,NOT_AUTHORITY,NOT_RUNTIME_ADOPTED,FUTURE_REBUILD_REQUIRED,PRESERVED,NO,YES,docs/refactoring/plans/phase-a/a6-5/a6-5-legacy-asset-inventory.csv;docs/refactoring/plans/phase-a/a6-5/a6-5-e01-disposition-board.csv;docs/refactoring/plans/phase-a/a6-5/a6-5-legacy-clinical-non-adoption-strategy.md;docs/refactoring/plans/phase-a/a6-5/legacy-asset-decommission-register.csv,E02 matrix write-back only. No physical delete. No E02 clinical body read. A6.5 Exit not executed.
PROMPT-015,docs/AI医生/知识内容提取/提取脚本/translate_icpc_chinese.py,INVENTORY_DURABLE_DISPOSITION,LEGACY_CLINICAL,NOT_MIGRATED,NOT_AUTHORITY,NOT_RUNTIME_ADOPTED,FUTURE_REBUILD_REQUIRED,PRESERVED,NO,YES,docs/refactoring/plans/phase-a/a6-5/a6-5-legacy-asset-inventory.csv;docs/refactoring/plans/phase-a/a6-5/a6-5-e01-disposition-board.csv;docs/refactoring/plans/phase-a/a6-5/a6-5-legacy-clinical-non-adoption-strategy.md;docs/refactoring/plans/phase-a/a6-5/legacy-asset-decommission-register.csv,E02 matrix write-back only. No physical delete. No E02 clinical body read. A6.5 Exit not executed.
WF-001,diagnosis-service/src/main/java/com/aidoctor/diagnosis/service/orchestration/DiagnosisWorkflowOrchestrator.java,E01_BOARD,NON_CLINICAL_RETAINED,ADAPT,TECHNICAL_COVERAGE_PRESERVED,TECHNICAL_PATH_PRESERVED,EXISTING_TECHNICAL_PATH,PRESERVED,YES,YES,docs/refactoring/plans/phase-a/a6-5/a6-5-legacy-asset-inventory.csv;docs/refactoring/plans/phase-a/a6-5/a6-5-e01-disposition-board.csv;docs/refactoring/plans/phase-a/a6-5/a6-5-legacy-clinical-non-adoption-strategy.md;docs/refactoring/plans/phase-a/a6-5/legacy-asset-decommission-register.csv,E02 matrix write-back only. No physical delete. No E02 clinical body read. A6.5 Exit not executed.
WF-002,diagnosis-service/src/main/java/com/aidoctor/diagnosis/agent/AgentLoop.java,E01_BOARD,NON_CLINICAL_RETAINED,ADAPT,TECHNICAL_COVERAGE_PRESERVED,TECHNICAL_PATH_PRESERVED,EXISTING_TECHNICAL_PATH,PRESERVED,YES,YES,docs/refactoring/plans/phase-a/a6-5/a6-5-legacy-asset-inventory.csv;docs/refactoring/plans/phase-a/a6-5/a6-5-e01-disposition-board.csv;docs/refactoring/plans/phase-a/a6-5/a6-5-legacy-clinical-non-adoption-strategy.md;docs/refactoring/plans/phase-a/a6-5/legacy-asset-decommission-register.csv,E02 matrix write-back only. No physical delete. No E02 clinical body read. A6.5 Exit not executed.
WF-003,diagnosis-service/src/main/java/com/aidoctor/diagnosis/agent/ClinicalAgentBrain.java,E01_BOARD,NON_CLINICAL_RETAINED,ADAPT,NOT_AUTHORITY,NOT_RUNTIME_ADOPTED,TECHNICAL_ADAPT_PRESERVED_CLINICAL_AUTHORITY_REJECTED,PRESERVED,YES,YES,docs/refactoring/plans/phase-a/a6-5/a6-5-legacy-asset-inventory.csv;docs/refactoring/plans/phase-a/a6-5/a6-5-e01-disposition-board.csv;docs/refactoring/plans/phase-a/a6-5/a6-5-legacy-clinical-non-adoption-strategy.md;docs/refactoring/plans/phase-a/a6-5/legacy-asset-decommission-register.csv,E02 matrix write-back only. No physical delete. No E02 clinical body read. A6.5 Exit not executed.
WF-004,diagnosis-service/src/main/java/com/aidoctor/diagnosis/entity/CDP.java,E01_BOARD,NON_CLINICAL_RETAINED,ADAPT,TECHNICAL_COVERAGE_PRESERVED,TECHNICAL_PATH_PRESERVED,EXISTING_TECHNICAL_PATH,PRESERVED,YES,YES,docs/refactoring/plans/phase-a/a6-5/a6-5-legacy-asset-inventory.csv;docs/refactoring/plans/phase-a/a6-5/a6-5-e01-disposition-board.csv;docs/refactoring/plans/phase-a/a6-5/a6-5-legacy-clinical-non-adoption-strategy.md;docs/refactoring/plans/phase-a/a6-5/legacy-asset-decommission-register.csv,E02 matrix write-back only. No physical delete. No E02 clinical body read. A6.5 Exit not executed.
WF-005,diagnosis-service/src/main/java/com/aidoctor/diagnosis/entity/CDPVersion.java,E01_BOARD,NON_CLINICAL_RETAINED,ADAPT,TECHNICAL_COVERAGE_PRESERVED,TECHNICAL_PATH_PRESERVED,EXISTING_TECHNICAL_PATH,PRESERVED,YES,YES,docs/refactoring/plans/phase-a/a6-5/a6-5-legacy-asset-inventory.csv;docs/refactoring/plans/phase-a/a6-5/a6-5-e01-disposition-board.csv;docs/refactoring/plans/phase-a/a6-5/a6-5-legacy-clinical-non-adoption-strategy.md;docs/refactoring/plans/phase-a/a6-5/legacy-asset-decommission-register.csv,E02 matrix write-back only. No physical delete. No E02 clinical body read. A6.5 Exit not executed.
WF-006,diagnosis-service/src/main/java/com/aidoctor/diagnosis/entity/AgentState.java,E01_BOARD,NON_CLINICAL_RETAINED,ADAPT,TECHNICAL_COVERAGE_PRESERVED,TECHNICAL_PATH_PRESERVED,EXISTING_TECHNICAL_PATH,PRESERVED,YES,YES,docs/refactoring/plans/phase-a/a6-5/a6-5-legacy-asset-inventory.csv;docs/refactoring/plans/phase-a/a6-5/a6-5-e01-disposition-board.csv;docs/refactoring/plans/phase-a/a6-5/a6-5-legacy-clinical-non-adoption-strategy.md;docs/refactoring/plans/phase-a/a6-5/legacy-asset-decommission-register.csv,E02 matrix write-back only. No physical delete. No E02 clinical body read. A6.5 Exit not executed.
WF-007,diagnosis-service/src/main/java/com/aidoctor/diagnosis/entity/AuditTrail.java,E01_BOARD,NON_CLINICAL_RETAINED,ADAPT,TECHNICAL_COVERAGE_PRESERVED,TECHNICAL_PATH_PRESERVED,EXISTING_TECHNICAL_PATH,PRESERVED,YES,YES,docs/refactoring/plans/phase-a/a6-5/a6-5-legacy-asset-inventory.csv;docs/refactoring/plans/phase-a/a6-5/a6-5-e01-disposition-board.csv;docs/refactoring/plans/phase-a/a6-5/a6-5-legacy-clinical-non-adoption-strategy.md;docs/refactoring/plans/phase-a/a6-5/legacy-asset-decommission-register.csv,E02 matrix write-back only. No physical delete. No E02 clinical body read. A6.5 Exit not executed.
WF-008,diagnosis-service/src/main/java/com/aidoctor/diagnosis/service/cdp/CDPManager.java,E01_BOARD,NON_CLINICAL_RETAINED,ADAPT,TECHNICAL_COVERAGE_PRESERVED,TECHNICAL_PATH_PRESERVED,EXISTING_TECHNICAL_PATH,PRESERVED,YES,YES,docs/refactoring/plans/phase-a/a6-5/a6-5-legacy-asset-inventory.csv;docs/refactoring/plans/phase-a/a6-5/a6-5-e01-disposition-board.csv;docs/refactoring/plans/phase-a/a6-5/a6-5-legacy-clinical-non-adoption-strategy.md;docs/refactoring/plans/phase-a/a6-5/legacy-asset-decommission-register.csv,E02 matrix write-back only. No physical delete. No E02 clinical body read. A6.5 Exit not executed.
WF-009,diagnosis-service/src/main/java/com/aidoctor/diagnosis/service/agent_state/AgentStateManager.java,E01_BOARD,NON_CLINICAL_RETAINED,ADAPT,TECHNICAL_COVERAGE_PRESERVED,TECHNICAL_PATH_PRESERVED,EXISTING_TECHNICAL_PATH,PRESERVED,YES,YES,docs/refactoring/plans/phase-a/a6-5/a6-5-legacy-asset-inventory.csv;docs/refactoring/plans/phase-a/a6-5/a6-5-e01-disposition-board.csv;docs/refactoring/plans/phase-a/a6-5/a6-5-legacy-clinical-non-adoption-strategy.md;docs/refactoring/plans/phase-a/a6-5/legacy-asset-decommission-register.csv,E02 matrix write-back only. No physical delete. No E02 clinical body read. A6.5 Exit not executed.
WF-010,diagnosis-service/src/main/java/com/aidoctor/diagnosis/aspect/ExecutionTraceAspect.java,E01_BOARD,NON_CLINICAL_RETAINED,ADAPT,TECHNICAL_COVERAGE_PRESERVED,TECHNICAL_PATH_PRESERVED,EXISTING_TECHNICAL_PATH,PRESERVED,YES,YES,docs/refactoring/plans/phase-a/a6-5/a6-5-legacy-asset-inventory.csv;docs/refactoring/plans/phase-a/a6-5/a6-5-e01-disposition-board.csv;docs/refactoring/plans/phase-a/a6-5/a6-5-legacy-clinical-non-adoption-strategy.md;docs/refactoring/plans/phase-a/a6-5/legacy-asset-decommission-register.csv,E02 matrix write-back only. No physical delete. No E02 clinical body read. A6.5 Exit not executed.
WF-011,diagnosis-service/src/main/java/com/aidoctor/diagnosis/annotation/TraceExecution.java,E01_BOARD,NON_CLINICAL_RETAINED,ADAPT,TECHNICAL_COVERAGE_PRESERVED,TECHNICAL_PATH_PRESERVED,EXISTING_TECHNICAL_PATH,PRESERVED,YES,YES,docs/refactoring/plans/phase-a/a6-5/a6-5-legacy-asset-inventory.csv;docs/refactoring/plans/phase-a/a6-5/a6-5-e01-disposition-board.csv;docs/refactoring/plans/phase-a/a6-5/a6-5-legacy-clinical-non-adoption-strategy.md;docs/refactoring/plans/phase-a/a6-5/legacy-asset-decommission-register.csv,E02 matrix write-back only. No physical delete. No E02 clinical body read. A6.5 Exit not executed.
WF-012,diagnosis-service/src/main/java/com/aidoctor/diagnosis/config/FeignTraceInterceptor.java,E01_BOARD,NON_CLINICAL_RETAINED,ADAPT,TECHNICAL_COVERAGE_PRESERVED,TECHNICAL_PATH_PRESERVED,EXISTING_TECHNICAL_PATH,PRESERVED,YES,YES,docs/refactoring/plans/phase-a/a6-5/a6-5-legacy-asset-inventory.csv;docs/refactoring/plans/phase-a/a6-5/a6-5-e01-disposition-board.csv;docs/refactoring/plans/phase-a/a6-5/a6-5-legacy-clinical-non-adoption-strategy.md;docs/refactoring/plans/phase-a/a6-5/legacy-asset-decommission-register.csv,E02 matrix write-back only. No physical delete. No E02 clinical body read. A6.5 Exit not executed.
WF-013,execution-trace-service/src/main/java/com/aidoctor/trace/entity/ExecutionTrace.java,E01_BOARD,NON_CLINICAL_RETAINED,ADAPT,TECHNICAL_COVERAGE_PRESERVED,TECHNICAL_PATH_PRESERVED,EXISTING_TECHNICAL_PATH,PRESERVED,YES,YES,docs/refactoring/plans/phase-a/a6-5/a6-5-legacy-asset-inventory.csv;docs/refactoring/plans/phase-a/a6-5/a6-5-e01-disposition-board.csv;docs/refactoring/plans/phase-a/a6-5/a6-5-legacy-clinical-non-adoption-strategy.md;docs/refactoring/plans/phase-a/a6-5/legacy-asset-decommission-register.csv,E02 matrix write-back only. No physical delete. No E02 clinical body read. A6.5 Exit not executed.
WF-014,diagnosis-service/src/main/resources/db/migration/V1__create_agent_state_and_audit_trail.sql,E01_BOARD,NON_CLINICAL_RETAINED,ADAPT,TECHNICAL_COVERAGE_PRESERVED,TECHNICAL_PATH_PRESERVED,EXISTING_TECHNICAL_PATH,PRESERVED,YES,YES,docs/refactoring/plans/phase-a/a6-5/a6-5-legacy-asset-inventory.csv;docs/refactoring/plans/phase-a/a6-5/a6-5-e01-disposition-board.csv;docs/refactoring/plans/phase-a/a6-5/a6-5-legacy-clinical-non-adoption-strategy.md;docs/refactoring/plans/phase-a/a6-5/legacy-asset-decommission-register.csv,E02 matrix write-back only. No physical delete. No E02 clinical body read. A6.5 Exit not executed.
WF-015,diagnosis-service/src/main/java/com/aidoctor/diagnosis/dto/tool/ToolContext.java,E01_BOARD,NON_CLINICAL_RETAINED,ADAPT,TECHNICAL_COVERAGE_PRESERVED,TECHNICAL_PATH_PRESERVED,EXISTING_TECHNICAL_PATH,PRESERVED,YES,YES,docs/refactoring/plans/phase-a/a6-5/a6-5-legacy-asset-inventory.csv;docs/refactoring/plans/phase-a/a6-5/a6-5-e01-disposition-board.csv;docs/refactoring/plans/phase-a/a6-5/a6-5-legacy-clinical-non-adoption-strategy.md;docs/refactoring/plans/phase-a/a6-5/legacy-asset-decommission-register.csv,E02 matrix write-back only. No physical delete. No E02 clinical body read. A6.5 Exit not executed.
WF-016,diagnosis-service/src/main/java/com/aidoctor/diagnosis/dto/tool/ToolResult.java,E01_BOARD,NON_CLINICAL_RETAINED,ADAPT,TECHNICAL_COVERAGE_PRESERVED,TECHNICAL_PATH_PRESERVED,EXISTING_TECHNICAL_PATH,PRESERVED,YES,YES,docs/refactoring/plans/phase-a/a6-5/a6-5-legacy-asset-inventory.csv;docs/refactoring/plans/phase-a/a6-5/a6-5-e01-disposition-board.csv;docs/refactoring/plans/phase-a/a6-5/a6-5-legacy-clinical-non-adoption-strategy.md;docs/refactoring/plans/phase-a/a6-5/legacy-asset-decommission-register.csv,E02 matrix write-back only. No physical delete. No E02 clinical body read. A6.5 Exit not executed.
WF-017,diagnosis-service/src/main/java/com/aidoctor/diagnosis/dto/conclusion/ConclusionPackage.java,E01_BOARD,NON_CLINICAL_RETAINED,ADAPT,NOT_AUTHORITY,NOT_RUNTIME_ADOPTED,TECHNICAL_ADAPT_PRESERVED_CLINICAL_AUTHORITY_REJECTED,PRESERVED,YES,YES,docs/refactoring/plans/phase-a/a6-5/a6-5-legacy-asset-inventory.csv;docs/refactoring/plans/phase-a/a6-5/a6-5-e01-disposition-board.csv;docs/refactoring/plans/phase-a/a6-5/a6-5-legacy-clinical-non-adoption-strategy.md;docs/refactoring/plans/phase-a/a6-5/legacy-asset-decommission-register.csv,E02 matrix write-back only. No physical delete. No E02 clinical body read. A6.5 Exit not executed.
