quarantine_id,asset_id,path,path_status,risk_id,risk_basis,quarantine_reason,containment,allowed_actions,forbidden_actions,owner_role,reviewer_roles,blocking_decision,unblock_evidence,evidence_reference,status,notes
Q-001,DOC-019,docs/AI医生/项目文档/13.技术细节/DR.KNOWS路径推理设计.md,TRACKED_FILE,RISK-003,ARCHITECTURE_GOVERNANCE_BLOCKER,DR_KNOWS_FAIL_CLOSED,do_not_run;no_weight_download;no_external_call,metadata_inventory;path_reference_check;governance_review_request,content_read;approve;knowledge_release;runtime_enable;migrate;delete;live_store_access,UNASSIGNED,legal;knowledge-license-reviewer;architecture,fail_closed_until_review,written_owner_authorization;license_or_privacy_clearance;no_runtime_use_attestation,a6-5-a-quarantine-register.csv#Q-001,QUARANTINED_AT_PATH_LEVEL,Metadata-only quarantine; filesystem/DB not relocated
Q-002,MODEL-008,DRKnows-main/generate_CUI_embedding.py,TRACKED_FILE,RISK-003,RUNTIME_COUPLING_BLOCKER,DR_KNOWS_FAIL_CLOSED,do_not_run;no_weight_download;no_external_call,metadata_inventory;path_reference_check;governance_review_request,content_read;approve;knowledge_release;runtime_enable;migrate;delete;live_store_access,UNASSIGNED,legal;knowledge-license-reviewer;architecture,fail_closed_until_review,written_owner_authorization;license_or_privacy_clearance;no_runtime_use_attestation,a6-5-a-quarantine-register.csv#Q-002,QUARANTINED_AT_PATH_LEVEL,Metadata-only quarantine; filesystem/DB not relocated
Q-003,DATA-K001,docs/AI医生/知识内容提取/源数据/hp-zh.babelon.tsv,TRACKED_FILE,RISK-003,LICENSE_PROVENANCE_BLOCKER,MEDICAL_SOURCE_LICENSE_OR_PROVENANCE_UNCONFIRMED,fail_closed_no_knowledge_release;no_download;no_runtime_retrieval,metadata_inventory;path_reference_check;governance_review_request,content_read;approve;knowledge_release;runtime_enable;migrate;delete;live_store_access,UNASSIGNED,legal;knowledge-license-reviewer;architecture,fail_closed_until_review,written_owner_authorization;license_or_privacy_clearance;no_runtime_use_attestation,a6-5-a-quarantine-register.csv#Q-003,QUARANTINED_AT_PATH_LEVEL,Metadata-only quarantine; filesystem/DB not relocated
Q-004,DATA-K002,docs/AI医生/知识内容提取/源数据/hp-zh.synonyms.tsv,TRACKED_FILE,RISK-003,LICENSE_PROVENANCE_BLOCKER,MEDICAL_SOURCE_LICENSE_OR_PROVENANCE_UNCONFIRMED,fail_closed_no_knowledge_release;no_download;no_runtime_retrieval,metadata_inventory;path_reference_check;governance_review_request,content_read;approve;knowledge_release;runtime_enable;migrate;delete;live_store_access,UNASSIGNED,legal;knowledge-license-reviewer;architecture,fail_closed_until_review,written_owner_authorization;license_or_privacy_clearance;no_runtime_use_attestation,a6-5-a-quarantine-register.csv#Q-004,QUARANTINED_AT_PATH_LEVEL,Metadata-only quarantine; filesystem/DB not relocated
Q-005,DATA-K003,docs/AI医生/知识内容提取/源数据/ICPC-2e-v7.0/ICPC-2e-v7.0.xml,TRACKED_FILE,RISK-003,LICENSE_PROVENANCE_BLOCKER,MEDICAL_SOURCE_LICENSE_OR_PROVENANCE_UNCONFIRMED,fail_closed_no_knowledge_release;no_download;no_runtime_retrieval,metadata_inventory;path_reference_check;governance_review_request,content_read;approve;knowledge_release;runtime_enable;migrate;delete;live_store_access,UNASSIGNED,legal;knowledge-license-reviewer;architecture,fail_closed_until_review,written_owner_authorization;license_or_privacy_clearance;no_runtime_use_attestation,a6-5-a-quarantine-register.csv#Q-005,QUARANTINED_AT_PATH_LEVEL,Metadata-only quarantine; filesystem/DB not relocated
Q-006,DATA-K004,docs/AI医生/知识内容提取/源数据/UMLS数据集和关系类型详细说明.md,TRACKED_FILE,RISK-003,LICENSE_PROVENANCE_BLOCKER,MEDICAL_SOURCE_LICENSE_OR_PROVENANCE_UNCONFIRMED,fail_closed_no_knowledge_release;no_download;no_runtime_retrieval,metadata_inventory;path_reference_check;governance_review_request,content_read;approve;knowledge_release;runtime_enable;migrate;delete;live_store_access,UNASSIGNED,legal;knowledge-license-reviewer;architecture,fail_closed_until_review,written_owner_authorization;license_or_privacy_clearance;no_runtime_use_attestation,a6-5-a-quarantine-register.csv#Q-006,QUARANTINED_AT_PATH_LEVEL,Metadata-only quarantine; filesystem/DB not relocated
Q-007,DATA-K005,docs/AI医生/知识内容提取/源数据/归档/icd10cm-table and index-2026/icd10cm-drug-2026.xml,TRACKED_FILE,RISK-003,LICENSE_PROVENANCE_BLOCKER,MEDICAL_SOURCE_LICENSE_OR_PROVENANCE_UNCONFIRMED,fail_closed_no_knowledge_release;no_download;no_runtime_retrieval,metadata_inventory;path_reference_check;governance_review_request,content_read;approve;knowledge_release;runtime_enable;migrate;delete;live_store_access,UNASSIGNED,legal;knowledge-license-reviewer;architecture,fail_closed_until_review,written_owner_authorization;license_or_privacy_clearance;no_runtime_use_attestation,a6-5-a-quarantine-register.csv#Q-007,QUARANTINED_AT_PATH_LEVEL,Metadata-only quarantine; filesystem/DB not relocated
Q-008,DATA-K006,docs/AI医生/知识内容提取/源数据/归档/icd10cm-table and index-2026/icd10cm-eindex-2026.xml,TRACKED_FILE,RISK-003,LICENSE_PROVENANCE_BLOCKER,MEDICAL_SOURCE_LICENSE_OR_PROVENANCE_UNCONFIRMED,fail_closed_no_knowledge_release;no_download;no_runtime_retrieval,metadata_inventory;path_reference_check;governance_review_request,content_read;approve;knowledge_release;runtime_enable;migrate;delete;live_store_access,UNASSIGNED,legal;knowledge-license-reviewer;architecture,fail_closed_until_review,written_owner_authorization;license_or_privacy_clearance;no_runtime_use_attestation,a6-5-a-quarantine-register.csv#Q-008,QUARANTINED_AT_PATH_LEVEL,Metadata-only quarantine; filesystem/DB not relocated
Q-009,DATA-K007,docs/AI医生/知识内容提取/源数据/归档/icd10cm-table and index-2026/icd10cm-index-2026.xml,TRACKED_FILE,RISK-003,LICENSE_PROVENANCE_BLOCKER,MEDICAL_SOURCE_LICENSE_OR_PROVENANCE_UNCONFIRMED,fail_closed_no_knowledge_release;no_download;no_runtime_retrieval,metadata_inventory;path_reference_check;governance_review_request,content_read;approve;knowledge_release;runtime_enable;migrate;delete;live_store_access,UNASSIGNED,legal;knowledge-license-reviewer;architecture,fail_closed_until_review,written_owner_authorization;license_or_privacy_clearance;no_runtime_use_attestation,a6-5-a-quarantine-register.csv#Q-009,QUARANTINED_AT_PATH_LEVEL,Metadata-only quarantine; filesystem/DB not relocated
Q-010,DATA-K008,docs/AI医生/知识内容提取/源数据/归档/icd10cm-table and index-2026/icd10cm-neoplasm-2026.xml,TRACKED_FILE,RISK-003,LICENSE_PROVENANCE_BLOCKER,MEDICAL_SOURCE_LICENSE_OR_PROVENANCE_UNCONFIRMED,fail_closed_no_knowledge_release;no_download;no_runtime_retrieval,metadata_inventory;path_reference_check;governance_review_request,content_read;approve;knowledge_release;runtime_enable;migrate;delete;live_store_access,UNASSIGNED,legal;knowledge-license-reviewer;architecture,fail_closed_until_review,written_owner_authorization;license_or_privacy_clearance;no_runtime_use_attestation,a6-5-a-quarantine-register.csv#Q-010,QUARANTINED_AT_PATH_LEVEL,Metadata-only quarantine; filesystem/DB not relocated
Q-011,DATA-K009,docs/AI医生/知识内容提取/源数据/归档/icd10cm-table and index-2026/icd10cm-tabular-2026.xml,TRACKED_FILE,RISK-003,LICENSE_PROVENANCE_BLOCKER,MEDICAL_SOURCE_LICENSE_OR_PROVENANCE_UNCONFIRMED,fail_closed_no_knowledge_release;no_download;no_runtime_retrieval,metadata_inventory;path_reference_check;governance_review_request,content_read;approve;knowledge_release;runtime_enable;migrate;delete;live_store_access,UNASSIGNED,legal;knowledge-license-reviewer;architecture,fail_closed_until_review,written_owner_authorization;license_or_privacy_clearance;no_runtime_use_attestation,a6-5-a-quarantine-register.csv#Q-011,QUARANTINED_AT_PATH_LEVEL,Metadata-only quarantine; filesystem/DB not relocated
Q-012,DATA-K010,docs/AI医生/知识内容提取/提取结果/hpo/hpo_chinese_mapping.csv,TRACKED_FILE,RISK-003,LICENSE_PROVENANCE_BLOCKER,MEDICAL_SOURCE_LICENSE_OR_PROVENANCE_UNCONFIRMED,fail_closed_no_knowledge_release;no_download;no_runtime_retrieval,metadata_inventory;path_reference_check;governance_review_request,content_read;approve;knowledge_release;runtime_enable;migrate;delete;live_store_access,UNASSIGNED,legal;knowledge-license-reviewer;architecture,fail_closed_until_review,written_owner_authorization;license_or_privacy_clearance;no_runtime_use_attestation,a6-5-a-quarantine-register.csv#Q-012,QUARANTINED_AT_PATH_LEVEL,Metadata-only quarantine; filesystem/DB not relocated
Q-013,DATA-K011,docs/AI医生/知识内容提取/提取结果/hpo/hpo_data.csv,TRACKED_FILE,RISK-003,LICENSE_PROVENANCE_BLOCKER,MEDICAL_SOURCE_LICENSE_OR_PROVENANCE_UNCONFIRMED,fail_closed_no_knowledge_release;no_download;no_runtime_retrieval,metadata_inventory;path_reference_check;governance_review_request,content_read;approve;knowledge_release;runtime_enable;migrate;delete;live_store_access,UNASSIGNED,legal;knowledge-license-reviewer;architecture,fail_closed_until_review,written_owner_authorization;license_or_privacy_clearance;no_runtime_use_attestation,a6-5-a-quarantine-register.csv#Q-013,QUARANTINED_AT_PATH_LEVEL,Metadata-only quarantine; filesystem/DB not relocated
Q-014,DATA-K012,docs/AI医生/知识内容提取/提取结果/hpo/hpo_data.json,TRACKED_FILE,RISK-003,LICENSE_PROVENANCE_BLOCKER,MEDICAL_SOURCE_LICENSE_OR_PROVENANCE_UNCONFIRMED,fail_closed_no_knowledge_release;no_download;no_runtime_retrieval,metadata_inventory;path_reference_check;governance_review_request,content_read;approve;knowledge_release;runtime_enable;migrate;delete;live_store_access,UNASSIGNED,legal;knowledge-license-reviewer;architecture,fail_closed_until_review,written_owner_authorization;license_or_privacy_clearance;no_runtime_use_attestation,a6-5-a-quarantine-register.csv#Q-014,QUARANTINED_AT_PATH_LEVEL,Metadata-only quarantine; filesystem/DB not relocated
Q-015,DATA-K013,docs/AI医生/知识内容提取/提取结果/hpo/hpo_data_with_chinese.csv,TRACKED_FILE,RISK-003,LICENSE_PROVENANCE_BLOCKER,MEDICAL_SOURCE_LICENSE_OR_PROVENANCE_UNCONFIRMED,fail_closed_no_knowledge_release;no_download;no_runtime_retrieval,metadata_inventory;path_reference_check;governance_review_request,content_read;approve;knowledge_release;runtime_enable;migrate;delete;live_store_access,UNASSIGNED,legal;knowledge-license-reviewer;architecture,fail_closed_until_review,written_owner_authorization;license_or_privacy_clearance;no_runtime_use_attestation,a6-5-a-quarantine-register.csv#Q-015,QUARANTINED_AT_PATH_LEVEL,Metadata-only quarantine; filesystem/DB not relocated
Q-016,DATA-K014,docs/AI医生/知识内容提取/提取结果/hpo/hpo_data_示例_前1000条.csv,TRACKED_FILE,RISK-003,LICENSE_PROVENANCE_BLOCKER,MEDICAL_SOURCE_LICENSE_OR_PROVENANCE_UNCONFIRMED,fail_closed_no_knowledge_release;no_download;no_runtime_retrieval,metadata_inventory;path_reference_check;governance_review_request,content_read;approve;knowledge_release;runtime_enable;migrate;delete;live_store_access,UNASSIGNED,legal;knowledge-license-reviewer;architecture,fail_closed_until_review,written_owner_authorization;license_or_privacy_clearance;no_runtime_use_attestation,a6-5-a-quarantine-register.csv#Q-016,QUARANTINED_AT_PATH_LEVEL,Metadata-only quarantine; filesystem/DB not relocated
Q-017,DATA-K015,docs/AI医生/知识内容提取/提取结果/hpo/hpo_translation_template.csv,TRACKED_FILE,RISK-003,LICENSE_PROVENANCE_BLOCKER,MEDICAL_SOURCE_LICENSE_OR_PROVENANCE_UNCONFIRMED,fail_closed_no_knowledge_release;no_download;no_runtime_retrieval,metadata_inventory;path_reference_check;governance_review_request,content_read;approve;knowledge_release;runtime_enable;migrate;delete;live_store_access,UNASSIGNED,legal;knowledge-license-reviewer;architecture,fail_closed_until_review,written_owner_authorization;license_or_privacy_clearance;no_runtime_use_attestation,a6-5-a-quarantine-register.csv#Q-017,QUARANTINED_AT_PATH_LEVEL,Metadata-only quarantine; filesystem/DB not relocated
Q-018,DATA-K016,docs/AI医生/知识内容提取/提取结果/hpo/translation_cache.json,TRACKED_FILE,RISK-003,LICENSE_PROVENANCE_BLOCKER,MEDICAL_SOURCE_LICENSE_OR_PROVENANCE_UNCONFIRMED,fail_closed_no_knowledge_release;no_download;no_runtime_retrieval,metadata_inventory;path_reference_check;governance_review_request,content_read;approve;knowledge_release;runtime_enable;migrate;delete;live_store_access,UNASSIGNED,legal;knowledge-license-reviewer;architecture,fail_closed_until_review,written_owner_authorization;license_or_privacy_clearance;no_runtime_use_attestation,a6-5-a-quarantine-register.csv#Q-018,QUARANTINED_AT_PATH_LEVEL,Metadata-only quarantine; filesystem/DB not relocated
Q-019,DATA-K017,docs/AI医生/知识内容提取/提取结果/icpc/icpc_xml_chinese.csv,TRACKED_FILE,RISK-003,LICENSE_PROVENANCE_BLOCKER,MEDICAL_SOURCE_LICENSE_OR_PROVENANCE_UNCONFIRMED,fail_closed_no_knowledge_release;no_download;no_runtime_retrieval,metadata_inventory;path_reference_check;governance_review_request,content_read;approve;knowledge_release;runtime_enable;migrate;delete;live_store_access,UNASSIGNED,legal;knowledge-license-reviewer;architecture,fail_closed_until_review,written_owner_authorization;license_or_privacy_clearance;no_runtime_use_attestation,a6-5-a-quarantine-register.csv#Q-019,QUARANTINED_AT_PATH_LEVEL,Metadata-only quarantine; filesystem/DB not relocated
Q-020,DATA-K018,docs/AI医生/知识内容提取/提取结果/icpc/icpc_xml_chinese.json,TRACKED_FILE,RISK-003,LICENSE_PROVENANCE_BLOCKER,MEDICAL_SOURCE_LICENSE_OR_PROVENANCE_UNCONFIRMED,fail_closed_no_knowledge_release;no_download;no_runtime_retrieval,metadata_inventory;path_reference_check;governance_review_request,content_read;approve;knowledge_release;runtime_enable;migrate;delete;live_store_access,UNASSIGNED,legal;knowledge-license-reviewer;architecture,fail_closed_until_review,written_owner_authorization;license_or_privacy_clearance;no_runtime_use_attestation,a6-5-a-quarantine-register.csv#Q-020,QUARANTINED_AT_PATH_LEVEL,Metadata-only quarantine; filesystem/DB not relocated
Q-021,DATA-K019,docs/AI医生/知识内容提取/提取结果/icpc/translation_cache.json,TRACKED_FILE,RISK-003,LICENSE_PROVENANCE_BLOCKER,MEDICAL_SOURCE_LICENSE_OR_PROVENANCE_UNCONFIRMED,fail_closed_no_knowledge_release;no_download;no_runtime_retrieval,metadata_inventory;path_reference_check;governance_review_request,content_read;approve;knowledge_release;runtime_enable;migrate;delete;live_store_access,UNASSIGNED,legal;knowledge-license-reviewer;architecture,fail_closed_until_review,written_owner_authorization;license_or_privacy_clearance;no_runtime_use_attestation,a6-5-a-quarantine-register.csv#Q-021,QUARANTINED_AT_PATH_LEVEL,Metadata-only quarantine; filesystem/DB not relocated
Q-022,DATA-K020,docs/AI医生/知识内容提取/提取结果/归档/icd10/icd10cm_chinese_mapping.csv,TRACKED_FILE,RISK-003,LICENSE_PROVENANCE_BLOCKER,MEDICAL_SOURCE_LICENSE_OR_PROVENANCE_UNCONFIRMED,fail_closed_no_knowledge_release;no_download;no_runtime_retrieval,metadata_inventory;path_reference_check;governance_review_request,content_read;approve;knowledge_release;runtime_enable;migrate;delete;live_store_access,UNASSIGNED,legal;knowledge-license-reviewer;architecture,fail_closed_until_review,written_owner_authorization;license_or_privacy_clearance;no_runtime_use_attestation,a6-5-a-quarantine-register.csv#Q-022,QUARANTINED_AT_PATH_LEVEL,Metadata-only quarantine; filesystem/DB not relocated
Q-023,DATA-K021,docs/AI医生/知识内容提取/提取结果/归档/icd10/icd10cm_chinese_mapping.json,TRACKED_FILE,RISK-003,LICENSE_PROVENANCE_BLOCKER,MEDICAL_SOURCE_LICENSE_OR_PROVENANCE_UNCONFIRMED,fail_closed_no_knowledge_release;no_download;no_runtime_retrieval,metadata_inventory;path_reference_check;governance_review_request,content_read;approve;knowledge_release;runtime_enable;migrate;delete;live_store_access,UNASSIGNED,legal;knowledge-license-reviewer;architecture,fail_closed_until_review,written_owner_authorization;license_or_privacy_clearance;no_runtime_use_attestation,a6-5-a-quarantine-register.csv#Q-023,QUARANTINED_AT_PATH_LEVEL,Metadata-only quarantine; filesystem/DB not relocated
Q-024,DATA-K022,docs/AI医生/知识内容提取/提取结果/归档/icd10/icd10cm_disease_catalog.csv,TRACKED_FILE,RISK-003,LICENSE_PROVENANCE_BLOCKER,MEDICAL_SOURCE_LICENSE_OR_PROVENANCE_UNCONFIRMED,fail_closed_no_knowledge_release;no_download;no_runtime_retrieval,metadata_inventory;path_reference_check;governance_review_request,content_read;approve;knowledge_release;runtime_enable;migrate;delete;live_store_access,UNASSIGNED,legal;knowledge-license-reviewer;architecture,fail_closed_until_review,written_owner_authorization;license_or_privacy_clearance;no_runtime_use_attestation,a6-5-a-quarantine-register.csv#Q-024,QUARANTINED_AT_PATH_LEVEL,Metadata-only quarantine; filesystem/DB not relocated
Q-025,DATA-K023,docs/AI医生/知识内容提取/提取结果/归档/icd10/icd10cm_disease_catalog.json,TRACKED_FILE,RISK-003,LICENSE_PROVENANCE_BLOCKER,MEDICAL_SOURCE_LICENSE_OR_PROVENANCE_UNCONFIRMED,fail_closed_no_knowledge_release;no_download;no_runtime_retrieval,metadata_inventory;path_reference_check;governance_review_request,content_read;approve;knowledge_release;runtime_enable;migrate;delete;live_store_access,UNASSIGNED,legal;knowledge-license-reviewer;architecture,fail_closed_until_review,written_owner_authorization;license_or_privacy_clearance;no_runtime_use_attestation,a6-5-a-quarantine-register.csv#Q-025,QUARANTINED_AT_PATH_LEVEL,Metadata-only quarantine; filesystem/DB not relocated
Q-026,DATA-K024,docs/AI医生/知识内容提取/提取结果/归档/icd10/icd10cm_disease_catalog_summary.json,TRACKED_FILE,RISK-003,LICENSE_PROVENANCE_BLOCKER,MEDICAL_SOURCE_LICENSE_OR_PROVENANCE_UNCONFIRMED,fail_closed_no_knowledge_release;no_download;no_runtime_retrieval,metadata_inventory;path_reference_check;governance_review_request,content_read;approve;knowledge_release;runtime_enable;migrate;delete;live_store_access,UNASSIGNED,legal;knowledge-license-reviewer;architecture,fail_closed_until_review,written_owner_authorization;license_or_privacy_clearance;no_runtime_use_attestation,a6-5-a-quarantine-register.csv#Q-026,QUARANTINED_AT_PATH_LEVEL,Metadata-only quarantine; filesystem/DB not relocated
Q-027,DATA-K025,docs/AI医生/知识内容提取/提取结果/归档/icd10/icd10cm_disease_catalog_tree.json,TRACKED_FILE,RISK-003,LICENSE_PROVENANCE_BLOCKER,MEDICAL_SOURCE_LICENSE_OR_PROVENANCE_UNCONFIRMED,fail_closed_no_knowledge_release;no_download;no_runtime_retrieval,metadata_inventory;path_reference_check;governance_review_request,content_read;approve;knowledge_release;runtime_enable;migrate;delete;live_store_access,UNASSIGNED,legal;knowledge-license-reviewer;architecture,fail_closed_until_review,written_owner_authorization;license_or_privacy_clearance;no_runtime_use_attestation,a6-5-a-quarantine-register.csv#Q-027,QUARANTINED_AT_PATH_LEVEL,Metadata-only quarantine; filesystem/DB not relocated
Q-028,DATA-K026,docs/AI医生/知识内容提取/提取结果/归档/icd10/icd10cm_disease_catalog_zh_en.csv,TRACKED_FILE,RISK-003,LICENSE_PROVENANCE_BLOCKER,MEDICAL_SOURCE_LICENSE_OR_PROVENANCE_UNCONFIRMED,fail_closed_no_knowledge_release;no_download;no_runtime_retrieval,metadata_inventory;path_reference_check;governance_review_request,content_read;approve;knowledge_release;runtime_enable;migrate;delete;live_store_access,UNASSIGNED,legal;knowledge-license-reviewer;architecture,fail_closed_until_review,written_owner_authorization;license_or_privacy_clearance;no_runtime_use_attestation,a6-5-a-quarantine-register.csv#Q-028,QUARANTINED_AT_PATH_LEVEL,Metadata-only quarantine; filesystem/DB not relocated
Q-029,DATA-K027,docs/AI医生/知识内容提取/提取结果/贝茨/outline.json,TRACKED_FILE,RISK-003,LICENSE_PROVENANCE_BLOCKER,MEDICAL_SOURCE_LICENSE_OR_PROVENANCE_UNCONFIRMED,fail_closed_no_knowledge_release;no_download;no_runtime_retrieval,metadata_inventory;path_reference_check;governance_review_request,content_read;approve;knowledge_release;runtime_enable;migrate;delete;live_store_access,UNASSIGNED,legal;knowledge-license-reviewer;architecture,fail_closed_until_review,written_owner_authorization;license_or_privacy_clearance;no_runtime_use_attestation,a6-5-a-quarantine-register.csv#Q-029,QUARANTINED_AT_PATH_LEVEL,Metadata-only quarantine; filesystem/DB not relocated
Q-030,DATA-K028,docs/AI医生/知识内容提取/提取结果/贝茨/outline_health_history_only.json,TRACKED_FILE,RISK-003,LICENSE_PROVENANCE_BLOCKER,MEDICAL_SOURCE_LICENSE_OR_PROVENANCE_UNCONFIRMED,fail_closed_no_knowledge_release;no_download;no_runtime_retrieval,metadata_inventory;path_reference_check;governance_review_request,content_read;approve;knowledge_release;runtime_enable;migrate;delete;live_store_access,UNASSIGNED,legal;knowledge-license-reviewer;architecture,fail_closed_until_review,written_owner_authorization;license_or_privacy_clearance;no_runtime_use_attestation,a6-5-a-quarantine-register.csv#Q-030,QUARANTINED_AT_PATH_LEVEL,Metadata-only quarantine; filesystem/DB not relocated
Q-031,DATA-K029,docs/AI医生/知识内容提取/提取结果/贝茨/outline_with_end.json,TRACKED_FILE,RISK-003,LICENSE_PROVENANCE_BLOCKER,MEDICAL_SOURCE_LICENSE_OR_PROVENANCE_UNCONFIRMED,fail_closed_no_knowledge_release;no_download;no_runtime_retrieval,metadata_inventory;path_reference_check;governance_review_request,content_read;approve;knowledge_release;runtime_enable;migrate;delete;live_store_access,UNASSIGNED,legal;knowledge-license-reviewer;architecture,fail_closed_until_review,written_owner_authorization;license_or_privacy_clearance;no_runtime_use_attestation,a6-5-a-quarantine-register.csv#Q-031,QUARANTINED_AT_PATH_LEVEL,Metadata-only quarantine; filesystem/DB not relocated
Q-032,DATA-K030,docs/AI医生/知识内容提取/提取结果/贝茨/《贝茨体格检查和病史采集指南》目录结构表（中英对照 + 页码）.md,TRACKED_FILE,RISK-003,LICENSE_PROVENANCE_BLOCKER,MEDICAL_SOURCE_LICENSE_OR_PROVENANCE_UNCONFIRMED,fail_closed_no_knowledge_release;no_download;no_runtime_retrieval,metadata_inventory;path_reference_check;governance_review_request,content_read;approve;knowledge_release;runtime_enable;migrate;delete;live_store_access,UNASSIGNED,legal;knowledge-license-reviewer;architecture,fail_closed_until_review,written_owner_authorization;license_or_privacy_clearance;no_runtime_use_attestation,a6-5-a-quarantine-register.csv#Q-032,QUARANTINED_AT_PATH_LEVEL,Metadata-only quarantine; filesystem/DB not relocated
Q-033,DATA-K031,docs/AI医生/知识内容提取/提取结果/贝茨/《贝茨体格检查和病史采集指南》目录结构表（中英对照）.md,TRACKED_FILE,RISK-003,LICENSE_PROVENANCE_BLOCKER,MEDICAL_SOURCE_LICENSE_OR_PROVENANCE_UNCONFIRMED,fail_closed_no_knowledge_release;no_download;no_runtime_retrieval,metadata_inventory;path_reference_check;governance_review_request,content_read;approve;knowledge_release;runtime_enable;migrate;delete;live_store_access,UNASSIGNED,legal;knowledge-license-reviewer;architecture,fail_closed_until_review,written_owner_authorization;license_or_privacy_clearance;no_runtime_use_attestation,a6-5-a-quarantine-register.csv#Q-033,QUARANTINED_AT_PATH_LEVEL,Metadata-only quarantine; filesystem/DB not relocated
Q-034,DATA-S001,docs/AI医生/知识内容提取/提取脚本/ai_translation_config.json,TRACKED_FILE,RISK-003,LICENSE_PROVENANCE_BLOCKER,MEDICAL_SOURCE_LICENSE_OR_PROVENANCE_UNCONFIRMED,fail_closed_no_knowledge_release;no_download;no_runtime_retrieval,metadata_inventory;path_reference_check;governance_review_request,content_read;approve;knowledge_release;runtime_enable;migrate;delete;live_store_access,UNASSIGNED,legal;knowledge-license-reviewer;architecture,fail_closed_until_review,written_owner_authorization;license_or_privacy_clearance;no_runtime_use_attestation,a6-5-a-quarantine-register.csv#Q-034,QUARANTINED_AT_PATH_LEVEL,Metadata-only quarantine; filesystem/DB not relocated
Q-035,DATA-S002,docs/AI医生/知识内容提取/提取脚本/book_extraction/book_registry.json,TRACKED_FILE,RISK-003,LICENSE_PROVENANCE_BLOCKER,MEDICAL_SOURCE_LICENSE_OR_PROVENANCE_UNCONFIRMED,fail_closed_no_knowledge_release;no_download;no_runtime_retrieval,metadata_inventory;path_reference_check;governance_review_request,content_read;approve;knowledge_release;runtime_enable;migrate;delete;live_store_access,UNASSIGNED,legal;knowledge-license-reviewer;architecture,fail_closed_until_review,written_owner_authorization;license_or_privacy_clearance;no_runtime_use_attestation,a6-5-a-quarantine-register.csv#Q-035,QUARANTINED_AT_PATH_LEVEL,Metadata-only quarantine; filesystem/DB not relocated
Q-036,DATA-S003,docs/AI医生/知识内容提取/提取脚本/book_extraction/book_registry.py,TRACKED_FILE,RISK-003,LICENSE_PROVENANCE_BLOCKER,MEDICAL_SOURCE_LICENSE_OR_PROVENANCE_UNCONFIRMED,fail_closed_no_knowledge_release;no_download;no_runtime_retrieval,metadata_inventory;path_reference_check;governance_review_request,content_read;approve;knowledge_release;runtime_enable;migrate;delete;live_store_access,UNASSIGNED,legal;knowledge-license-reviewer;architecture,fail_closed_until_review,written_owner_authorization;license_or_privacy_clearance;no_runtime_use_attestation,a6-5-a-quarantine-register.csv#Q-036,QUARANTINED_AT_PATH_LEVEL,Metadata-only quarantine; filesystem/DB not relocated
Q-037,DATA-S004,docs/AI医生/知识内容提取/提取脚本/book_extraction/step1_pdf_to_pages.py,TRACKED_FILE,RISK-003,LICENSE_PROVENANCE_BLOCKER,MEDICAL_SOURCE_LICENSE_OR_PROVENANCE_UNCONFIRMED,fail_closed_no_knowledge_release;no_download;no_runtime_retrieval,metadata_inventory;path_reference_check;governance_review_request,content_read;approve;knowledge_release;runtime_enable;migrate;delete;live_store_access,UNASSIGNED,legal;knowledge-license-reviewer;architecture,fail_closed_until_review,written_owner_authorization;license_or_privacy_clearance;no_runtime_use_attestation,a6-5-a-quarantine-register.csv#Q-037,QUARANTINED_AT_PATH_LEVEL,Metadata-only quarantine; filesystem/DB not relocated
Q-038,DATA-S005,docs/AI医生/知识内容提取/提取脚本/book_extraction/step2_outline_to_blocks.py,TRACKED_FILE,RISK-003,LICENSE_PROVENANCE_BLOCKER,MEDICAL_SOURCE_LICENSE_OR_PROVENANCE_UNCONFIRMED,fail_closed_no_knowledge_release;no_download;no_runtime_retrieval,metadata_inventory;path_reference_check;governance_review_request,content_read;approve;knowledge_release;runtime_enable;migrate;delete;live_store_access,UNASSIGNED,legal;knowledge-license-reviewer;architecture,fail_closed_until_review,written_owner_authorization;license_or_privacy_clearance;no_runtime_use_attestation,a6-5-a-quarantine-register.csv#Q-038,QUARANTINED_AT_PATH_LEVEL,Metadata-only quarantine; filesystem/DB not relocated
Q-039,DATA-S006,docs/AI医生/知识内容提取/提取脚本/convert_hpo_to_csv.py,TRACKED_FILE,RISK-003,LICENSE_PROVENANCE_BLOCKER,MEDICAL_SOURCE_LICENSE_OR_PROVENANCE_UNCONFIRMED,fail_closed_no_knowledge_release;no_download;no_runtime_retrieval,metadata_inventory;path_reference_check;governance_review_request,content_read;approve;knowledge_release;runtime_enable;migrate;delete;live_store_access,UNASSIGNED,legal;knowledge-license-reviewer;architecture,fail_closed_until_review,written_owner_authorization;license_or_privacy_clearance;no_runtime_use_attestation,a6-5-a-quarantine-register.csv#Q-039,QUARANTINED_AT_PATH_LEVEL,Metadata-only quarantine; filesystem/DB not relocated
Q-040,DATA-S007,docs/AI医生/知识内容提取/提取脚本/download_hpo_chinese_dict.py,TRACKED_FILE,RISK-003,LICENSE_PROVENANCE_BLOCKER,MEDICAL_SOURCE_LICENSE_OR_PROVENANCE_UNCONFIRMED,fail_closed_no_knowledge_release;no_download;no_runtime_retrieval,metadata_inventory;path_reference_check;governance_review_request,content_read;approve;knowledge_release;runtime_enable;migrate;delete;live_store_access,UNASSIGNED,legal;knowledge-license-reviewer;architecture,fail_closed_until_review,written_owner_authorization;license_or_privacy_clearance;no_runtime_use_attestation,a6-5-a-quarantine-register.csv#Q-040,QUARANTINED_AT_PATH_LEVEL,Metadata-only quarantine; filesystem/DB not relocated
Q-041,DATA-S008,docs/AI医生/知识内容提取/提取脚本/download_icd10cm_chinese.py,TRACKED_FILE,RISK-003,LICENSE_PROVENANCE_BLOCKER,MEDICAL_SOURCE_LICENSE_OR_PROVENANCE_UNCONFIRMED,fail_closed_no_knowledge_release;no_download;no_runtime_retrieval,metadata_inventory;path_reference_check;governance_review_request,content_read;approve;knowledge_release;runtime_enable;migrate;delete;live_store_access,UNASSIGNED,legal;knowledge-license-reviewer;architecture,fail_closed_until_review,written_owner_authorization;license_or_privacy_clearance;no_runtime_use_attestation,a6-5-a-quarantine-register.csv#Q-041,QUARANTINED_AT_PATH_LEVEL,Metadata-only quarantine; filesystem/DB not relocated
Q-042,DATA-S009,docs/AI医生/知识内容提取/提取脚本/extract_hpo_data.py,TRACKED_FILE,RISK-003,LICENSE_PROVENANCE_BLOCKER,MEDICAL_SOURCE_LICENSE_OR_PROVENANCE_UNCONFIRMED,fail_closed_no_knowledge_release;no_download;no_runtime_retrieval,metadata_inventory;path_reference_check;governance_review_request,content_read;approve;knowledge_release;runtime_enable;migrate;delete;live_store_access,UNASSIGNED,legal;knowledge-license-reviewer;architecture,fail_closed_until_review,written_owner_authorization;license_or_privacy_clearance;no_runtime_use_attestation,a6-5-a-quarantine-register.csv#Q-042,QUARANTINED_AT_PATH_LEVEL,Metadata-only quarantine; filesystem/DB not relocated
Q-043,DATA-S010,docs/AI医生/知识内容提取/提取脚本/extract_icd10cm_disease_catalog.py,TRACKED_FILE,RISK-003,LICENSE_PROVENANCE_BLOCKER,MEDICAL_SOURCE_LICENSE_OR_PROVENANCE_UNCONFIRMED,fail_closed_no_knowledge_release;no_download;no_runtime_retrieval,metadata_inventory;path_reference_check;governance_review_request,content_read;approve;knowledge_release;runtime_enable;migrate;delete;live_store_access,UNASSIGNED,legal;knowledge-license-reviewer;architecture,fail_closed_until_review,written_owner_authorization;license_or_privacy_clearance;no_runtime_use_attestation,a6-5-a-quarantine-register.csv#Q-043,QUARANTINED_AT_PATH_LEVEL,Metadata-only quarantine; filesystem/DB not relocated
Q-044,DATA-S011,docs/AI医生/知识内容提取/提取脚本/merge_hpo_chinese.py,TRACKED_FILE,RISK-003,LICENSE_PROVENANCE_BLOCKER,MEDICAL_SOURCE_LICENSE_OR_PROVENANCE_UNCONFIRMED,fail_closed_no_knowledge_release;no_download;no_runtime_retrieval,metadata_inventory;path_reference_check;governance_review_request,content_read;approve;knowledge_release;runtime_enable;migrate;delete;live_store_access,UNASSIGNED,legal;knowledge-license-reviewer;architecture,fail_closed_until_review,written_owner_authorization;license_or_privacy_clearance;no_runtime_use_attestation,a6-5-a-quarantine-register.csv#Q-044,QUARANTINED_AT_PATH_LEVEL,Metadata-only quarantine; filesystem/DB not relocated
Q-045,DATA-S012,docs/AI医生/知识内容提取/提取脚本/merge_icd10cm_chinese.py,TRACKED_FILE,RISK-003,LICENSE_PROVENANCE_BLOCKER,MEDICAL_SOURCE_LICENSE_OR_PROVENANCE_UNCONFIRMED,fail_closed_no_knowledge_release;no_download;no_runtime_retrieval,metadata_inventory;path_reference_check;governance_review_request,content_read;approve;knowledge_release;runtime_enable;migrate;delete;live_store_access,UNASSIGNED,legal;knowledge-license-reviewer;architecture,fail_closed_until_review,written_owner_authorization;license_or_privacy_clearance;no_runtime_use_attestation,a6-5-a-quarantine-register.csv#Q-045,QUARANTINED_AT_PATH_LEVEL,Metadata-only quarantine; filesystem/DB not relocated
Q-046,DATA-S013,docs/AI医生/知识内容提取/提取脚本/parse_and_translate_icpc_xml.py,TRACKED_FILE,RISK-003,LICENSE_PROVENANCE_BLOCKER,MEDICAL_SOURCE_LICENSE_OR_PROVENANCE_UNCONFIRMED,fail_closed_no_knowledge_release;no_download;no_runtime_retrieval,metadata_inventory;path_reference_check;governance_review_request,content_read;approve;knowledge_release;runtime_enable;migrate;delete;live_store_access,UNASSIGNED,legal;knowledge-license-reviewer;architecture,fail_closed_until_review,written_owner_authorization;license_or_privacy_clearance;no_runtime_use_attestation,a6-5-a-quarantine-register.csv#Q-046,QUARANTINED_AT_PATH_LEVEL,Metadata-only quarantine; filesystem/DB not relocated
Q-047,DATA-S014,docs/AI医生/知识内容提取/提取脚本/parse_hp_zh_tsv_from_yuanshuju.py,TRACKED_FILE,RISK-003,LICENSE_PROVENANCE_BLOCKER,MEDICAL_SOURCE_LICENSE_OR_PROVENANCE_UNCONFIRMED,fail_closed_no_knowledge_release;no_download;no_runtime_retrieval,metadata_inventory;path_reference_check;governance_review_request,content_read;approve;knowledge_release;runtime_enable;migrate;delete;live_store_access,UNASSIGNED,legal;knowledge-license-reviewer;architecture,fail_closed_until_review,written_owner_authorization;license_or_privacy_clearance;no_runtime_use_attestation,a6-5-a-quarantine-register.csv#Q-047,QUARANTINED_AT_PATH_LEVEL,Metadata-only quarantine; filesystem/DB not relocated
Q-048,DATA-S015,docs/AI医生/知识内容提取/提取脚本/parse_icd10cm_chinese.py,TRACKED_FILE,RISK-003,LICENSE_PROVENANCE_BLOCKER,MEDICAL_SOURCE_LICENSE_OR_PROVENANCE_UNCONFIRMED,fail_closed_no_knowledge_release;no_download;no_runtime_retrieval,metadata_inventory;path_reference_check;governance_review_request,content_read;approve;knowledge_release;runtime_enable;migrate;delete;live_store_access,UNASSIGNED,legal;knowledge-license-reviewer;architecture,fail_closed_until_review,written_owner_authorization;license_or_privacy_clearance;no_runtime_use_attestation,a6-5-a-quarantine-register.csv#Q-048,QUARANTINED_AT_PATH_LEVEL,Metadata-only quarantine; filesystem/DB not relocated
Q-049,DATA-S016,docs/AI医生/知识内容提取/提取脚本/README_AI翻译配置.md,TRACKED_FILE,RISK-003,LICENSE_PROVENANCE_BLOCKER,MEDICAL_SOURCE_LICENSE_OR_PROVENANCE_UNCONFIRMED,fail_closed_no_knowledge_release;no_download;no_runtime_retrieval,metadata_inventory;path_reference_check;governance_review_request,content_read;approve;knowledge_release;runtime_enable;migrate;delete;live_store_access,UNASSIGNED,legal;knowledge-license-reviewer;architecture,fail_closed_until_review,written_owner_authorization;license_or_privacy_clearance;no_runtime_use_attestation,a6-5-a-quarantine-register.csv#Q-049,QUARANTINED_AT_PATH_LEVEL,Metadata-only quarantine; filesystem/DB not relocated
Q-050,DATA-S017,docs/AI医生/知识内容提取/提取脚本/README_ICPC_XML翻译.md,TRACKED_FILE,RISK-003,LICENSE_PROVENANCE_BLOCKER,MEDICAL_SOURCE_LICENSE_OR_PROVENANCE_UNCONFIRMED,fail_closed_no_knowledge_release;no_download;no_runtime_retrieval,metadata_inventory;path_reference_check;governance_review_request,content_read;approve;knowledge_release;runtime_enable;migrate;delete;live_store_access,UNASSIGNED,legal;knowledge-license-reviewer;architecture,fail_closed_until_review,written_owner_authorization;license_or_privacy_clearance;no_runtime_use_attestation,a6-5-a-quarantine-register.csv#Q-050,QUARANTINED_AT_PATH_LEVEL,Metadata-only quarantine; filesystem/DB not relocated
Q-051,DATA-S018,docs/AI医生/知识内容提取/提取脚本/README_ICPC翻译.md,TRACKED_FILE,RISK-003,LICENSE_PROVENANCE_BLOCKER,MEDICAL_SOURCE_LICENSE_OR_PROVENANCE_UNCONFIRMED,fail_closed_no_knowledge_release;no_download;no_runtime_retrieval,metadata_inventory;path_reference_check;governance_review_request,content_read;approve;knowledge_release;runtime_enable;migrate;delete;live_store_access,UNASSIGNED,legal;knowledge-license-reviewer;architecture,fail_closed_until_review,written_owner_authorization;license_or_privacy_clearance;no_runtime_use_attestation,a6-5-a-quarantine-register.csv#Q-051,QUARANTINED_AT_PATH_LEVEL,Metadata-only quarantine; filesystem/DB not relocated
Q-052,DATA-S019,docs/AI医生/知识内容提取/提取脚本/requirements.txt,TRACKED_FILE,RISK-003,LICENSE_PROVENANCE_BLOCKER,MEDICAL_SOURCE_LICENSE_OR_PROVENANCE_UNCONFIRMED,fail_closed_no_knowledge_release;no_download;no_runtime_retrieval,metadata_inventory;path_reference_check;governance_review_request,content_read;approve;knowledge_release;runtime_enable;migrate;delete;live_store_access,UNASSIGNED,legal;knowledge-license-reviewer;architecture,fail_closed_until_review,written_owner_authorization;license_or_privacy_clearance;no_runtime_use_attestation,a6-5-a-quarantine-register.csv#Q-052,QUARANTINED_AT_PATH_LEVEL,Metadata-only quarantine; filesystem/DB not relocated
Q-053,DATA-S020,docs/AI医生/知识内容提取/提取脚本/translate_icpc_chinese.py,TRACKED_FILE,RISK-003,LICENSE_PROVENANCE_BLOCKER,MEDICAL_SOURCE_LICENSE_OR_PROVENANCE_UNCONFIRMED,fail_closed_no_knowledge_release;no_download;no_runtime_retrieval,metadata_inventory;path_reference_check;governance_review_request,content_read;approve;knowledge_release;runtime_enable;migrate;delete;live_store_access,UNASSIGNED,legal;knowledge-license-reviewer;architecture,fail_closed_until_review,written_owner_authorization;license_or_privacy_clearance;no_runtime_use_attestation,a6-5-a-quarantine-register.csv#Q-053,QUARANTINED_AT_PATH_LEVEL,Metadata-only quarantine; filesystem/DB not relocated
Q-054,DATA-S021,docs/AI医生/知识内容提取/提取脚本/脚本说明/README_ICD10CM_疾病目录提取.md,TRACKED_FILE,RISK-003,LICENSE_PROVENANCE_BLOCKER,MEDICAL_SOURCE_LICENSE_OR_PROVENANCE_UNCONFIRMED,fail_closed_no_knowledge_release;no_download;no_runtime_retrieval,metadata_inventory;path_reference_check;governance_review_request,content_read;approve;knowledge_release;runtime_enable;migrate;delete;live_store_access,UNASSIGNED,legal;knowledge-license-reviewer;architecture,fail_closed_until_review,written_owner_authorization;license_or_privacy_clearance;no_runtime_use_attestation,a6-5-a-quarantine-register.csv#Q-054,QUARANTINED_AT_PATH_LEVEL,Metadata-only quarantine; filesystem/DB not relocated
Q-055,DATA-S022,docs/AI医生/知识内容提取/提取脚本/脚本说明/README_提取脚本.md,TRACKED_FILE,RISK-003,LICENSE_PROVENANCE_BLOCKER,MEDICAL_SOURCE_LICENSE_OR_PROVENANCE_UNCONFIRMED,fail_closed_no_knowledge_release;no_download;no_runtime_retrieval,metadata_inventory;path_reference_check;governance_review_request,content_read;approve;knowledge_release;runtime_enable;migrate;delete;live_store_access,UNASSIGNED,legal;knowledge-license-reviewer;architecture,fail_closed_until_review,written_owner_authorization;license_or_privacy_clearance;no_runtime_use_attestation,a6-5-a-quarantine-register.csv#Q-055,QUARANTINED_AT_PATH_LEVEL,Metadata-only quarantine; filesystem/DB not relocated
Q-056,DATA-DR001,DRKnows-main/UMLS_refined_relations_DRKnows.csv,TRACKED_FILE,RISK-003,LICENSE_PROVENANCE_BLOCKER,MEDICAL_SOURCE_LICENSE_OR_PROVENANCE_UNCONFIRMED,fail_closed_no_knowledge_release;no_download;no_runtime_retrieval,metadata_inventory;path_reference_check;governance_review_request,content_read;approve;knowledge_release;runtime_enable;migrate;delete;live_store_access,UNASSIGNED,legal;knowledge-license-reviewer;architecture,fail_closed_until_review,written_owner_authorization;license_or_privacy_clearance;no_runtime_use_attestation,a6-5-a-quarantine-register.csv#Q-056,QUARANTINED_AT_PATH_LEVEL,Metadata-only quarantine; filesystem/DB not relocated
Q-057,DATA-DR001,DRKnows-main/UMLS_refined_relations_DRKnows.csv,TRACKED_FILE,RISK-003,LICENSE_PROVENANCE_BLOCKER,DR_KNOWS_FAIL_CLOSED,do_not_run;no_weight_download;no_external_call,metadata_inventory;path_reference_check;governance_review_request,content_read;approve;knowledge_release;runtime_enable;migrate;delete;live_store_access,UNASSIGNED,legal;knowledge-license-reviewer;architecture,fail_closed_until_review,written_owner_authorization;license_or_privacy_clearance;no_runtime_use_attestation,a6-5-a-quarantine-register.csv#Q-057,QUARANTINED_AT_PATH_LEVEL,Metadata-only quarantine; filesystem/DB not relocated
Q-058,DATA-DR002,DRKnows-main/LICENSE,TRACKED_FILE,RISK-003,LICENSE_PROVENANCE_BLOCKER,MEDICAL_SOURCE_LICENSE_OR_PROVENANCE_UNCONFIRMED,fail_closed_no_knowledge_release;no_download;no_runtime_retrieval,metadata_inventory;path_reference_check;governance_review_request,content_read;approve;knowledge_release;runtime_enable;migrate;delete;live_store_access,UNASSIGNED,legal;knowledge-license-reviewer;architecture,fail_closed_until_review,written_owner_authorization;license_or_privacy_clearance;no_runtime_use_attestation,a6-5-a-quarantine-register.csv#Q-058,QUARANTINED_AT_PATH_LEVEL,Metadata-only quarantine; filesystem/DB not relocated
Q-059,DATA-DR002,DRKnows-main/LICENSE,TRACKED_FILE,RISK-003,LICENSE_PROVENANCE_BLOCKER,DR_KNOWS_FAIL_CLOSED,do_not_run;no_weight_download;no_external_call,metadata_inventory;path_reference_check;governance_review_request,content_read;approve;knowledge_release;runtime_enable;migrate;delete;live_store_access,UNASSIGNED,legal;knowledge-license-reviewer;architecture,fail_closed_until_review,written_owner_authorization;license_or_privacy_clearance;no_runtime_use_attestation,a6-5-a-quarantine-register.csv#Q-059,QUARANTINED_AT_PATH_LEVEL,Metadata-only quarantine; filesystem/DB not relocated
Q-060,DATA-DR003,DRKnows-main/readme.md,TRACKED_FILE,RISK-003,LICENSE_PROVENANCE_BLOCKER,MEDICAL_SOURCE_LICENSE_OR_PROVENANCE_UNCONFIRMED,fail_closed_no_knowledge_release;no_download;no_runtime_retrieval,metadata_inventory;path_reference_check;governance_review_request,content_read;approve;knowledge_release;runtime_enable;migrate;delete;live_store_access,UNASSIGNED,legal;knowledge-license-reviewer;architecture,fail_closed_until_review,written_owner_authorization;license_or_privacy_clearance;no_runtime_use_attestation,a6-5-a-quarantine-register.csv#Q-060,QUARANTINED_AT_PATH_LEVEL,Metadata-only quarantine; filesystem/DB not relocated
Q-061,DATA-DR003,DRKnows-main/readme.md,TRACKED_FILE,RISK-003,LICENSE_PROVENANCE_BLOCKER,DR_KNOWS_FAIL_CLOSED,do_not_run;no_weight_download;no_external_call,metadata_inventory;path_reference_check;governance_review_request,content_read;approve;knowledge_release;runtime_enable;migrate;delete;live_store_access,UNASSIGNED,legal;knowledge-license-reviewer;architecture,fail_closed_until_review,written_owner_authorization;license_or_privacy_clearance;no_runtime_use_attestation,a6-5-a-quarantine-register.csv#Q-061,QUARANTINED_AT_PATH_LEVEL,Metadata-only quarantine; filesystem/DB not relocated
Q-062,DATA-DR004,DRKnows-main/extract_paths_training.py,TRACKED_FILE,RISK-003,LICENSE_PROVENANCE_BLOCKER,MEDICAL_SOURCE_LICENSE_OR_PROVENANCE_UNCONFIRMED,fail_closed_no_knowledge_release;no_download;no_runtime_retrieval,metadata_inventory;path_reference_check;governance_review_request,content_read;approve;knowledge_release;runtime_enable;migrate;delete;live_store_access,UNASSIGNED,legal;knowledge-license-reviewer;architecture,fail_closed_until_review,written_owner_authorization;license_or_privacy_clearance;no_runtime_use_attestation,a6-5-a-quarantine-register.csv#Q-062,QUARANTINED_AT_PATH_LEVEL,Metadata-only quarantine; filesystem/DB not relocated
Q-063,DATA-DR004,DRKnows-main/extract_paths_training.py,TRACKED_FILE,RISK-003,LICENSE_PROVENANCE_BLOCKER,DR_KNOWS_FAIL_CLOSED,do_not_run;no_weight_download;no_external_call,metadata_inventory;path_reference_check;governance_review_request,content_read;approve;knowledge_release;runtime_enable;migrate;delete;live_store_access,UNASSIGNED,legal;knowledge-license-reviewer;architecture,fail_closed_until_review,written_owner_authorization;license_or_privacy_clearance;no_runtime_use_attestation,a6-5-a-quarantine-register.csv#Q-063,QUARANTINED_AT_PATH_LEVEL,Metadata-only quarantine; filesystem/DB not relocated
Q-064,DATA-DR005,DRKnows-main/trainer_stack_mpi.py,TRACKED_FILE,RISK-003,LICENSE_PROVENANCE_BLOCKER,MEDICAL_SOURCE_LICENSE_OR_PROVENANCE_UNCONFIRMED,fail_closed_no_knowledge_release;no_download;no_runtime_retrieval,metadata_inventory;path_reference_check;governance_review_request,content_read;approve;knowledge_release;runtime_enable;migrate;delete;live_store_access,UNASSIGNED,legal;knowledge-license-reviewer;architecture,fail_closed_until_review,written_owner_authorization;license_or_privacy_clearance;no_runtime_use_attestation,a6-5-a-quarantine-register.csv#Q-064,QUARANTINED_AT_PATH_LEVEL,Metadata-only quarantine; filesystem/DB not relocated
Q-065,DATA-DR005,DRKnows-main/trainer_stack_mpi.py,TRACKED_FILE,RISK-003,LICENSE_PROVENANCE_BLOCKER,DR_KNOWS_FAIL_CLOSED,do_not_run;no_weight_download;no_external_call,metadata_inventory;path_reference_check;governance_review_request,content_read;approve;knowledge_release;runtime_enable;migrate;delete;live_store_access,UNASSIGNED,legal;knowledge-license-reviewer;architecture,fail_closed_until_review,written_owner_authorization;license_or_privacy_clearance;no_runtime_use_attestation,a6-5-a-quarantine-register.csv#Q-065,QUARANTINED_AT_PATH_LEVEL,Metadata-only quarantine; filesystem/DB not relocated
Q-066,DATA-DR006,DRKnows-main/test_stack.py,TRACKED_FILE,RISK-003,LICENSE_PROVENANCE_BLOCKER,MEDICAL_SOURCE_LICENSE_OR_PROVENANCE_UNCONFIRMED,fail_closed_no_knowledge_release;no_download;no_runtime_retrieval,metadata_inventory;path_reference_check;governance_review_request,content_read;approve;knowledge_release;runtime_enable;migrate;delete;live_store_access,UNASSIGNED,legal;knowledge-license-reviewer;architecture,fail_closed_until_review,written_owner_authorization;license_or_privacy_clearance;no_runtime_use_attestation,a6-5-a-quarantine-register.csv#Q-066,QUARANTINED_AT_PATH_LEVEL,Metadata-only quarantine; filesystem/DB not relocated
Q-067,DATA-DR006,DRKnows-main/test_stack.py,TRACKED_FILE,RISK-003,LICENSE_PROVENANCE_BLOCKER,DR_KNOWS_FAIL_CLOSED,do_not_run;no_weight_download;no_external_call,metadata_inventory;path_reference_check;governance_review_request,content_read;approve;knowledge_release;runtime_enable;migrate;delete;live_store_access,UNASSIGNED,legal;knowledge-license-reviewer;architecture,fail_closed_until_review,written_owner_authorization;license_or_privacy_clearance;no_runtime_use_attestation,a6-5-a-quarantine-register.csv#Q-067,QUARANTINED_AT_PATH_LEVEL,Metadata-only quarantine; filesystem/DB not relocated
Q-068,DATA-KG001,knowledge-management-service/app/services/schema_service.py,TRACKED_FILE,RISK-003,RUNTIME_COUPLING_BLOCKER,MEDICAL_SOURCE_LICENSE_OR_PROVENANCE_UNCONFIRMED,fail_closed_no_knowledge_release;no_download;no_runtime_retrieval,metadata_inventory;path_reference_check;governance_review_request,content_read;approve;knowledge_release;runtime_enable;migrate;delete;live_store_access,UNASSIGNED,legal;knowledge-license-reviewer;architecture,fail_closed_until_review,written_owner_authorization;license_or_privacy_clearance;no_runtime_use_attestation,a6-5-a-quarantine-register.csv#Q-068,QUARANTINED_AT_PATH_LEVEL,Metadata-only quarantine; filesystem/DB not relocated
Q-069,DATA-KG002,knowledge-management-service/app/utils/neo4j_client.py,TRACKED_FILE,RISK-003,RUNTIME_COUPLING_BLOCKER,MEDICAL_SOURCE_LICENSE_OR_PROVENANCE_UNCONFIRMED,fail_closed_no_knowledge_release;no_download;no_runtime_retrieval,metadata_inventory;path_reference_check;governance_review_request,content_read;approve;knowledge_release;runtime_enable;migrate;delete;live_store_access,UNASSIGNED,legal;knowledge-license-reviewer;architecture,fail_closed_until_review,written_owner_authorization;license_or_privacy_clearance;no_runtime_use_attestation,a6-5-a-quarantine-register.csv#Q-069,QUARANTINED_AT_PATH_LEVEL,Metadata-only quarantine; filesystem/DB not relocated
Q-070,DATA-KG003,knowledge-management-service/app/services/kg_import_service.py,TRACKED_FILE,RISK-003,RUNTIME_COUPLING_BLOCKER,MEDICAL_SOURCE_LICENSE_OR_PROVENANCE_UNCONFIRMED,fail_closed_no_knowledge_release;no_download;no_runtime_retrieval,metadata_inventory;path_reference_check;governance_review_request,content_read;approve;knowledge_release;runtime_enable;migrate;delete;live_store_access,UNASSIGNED,legal;knowledge-license-reviewer;architecture,fail_closed_until_review,written_owner_authorization;license_or_privacy_clearance;no_runtime_use_attestation,a6-5-a-quarantine-register.csv#Q-070,QUARANTINED_AT_PATH_LEVEL,Metadata-only quarantine; filesystem/DB not relocated
Q-071,DATA-KG004,diagnosis-engine-service/app/kg-reasoning-engine/path_retriever.py,TRACKED_FILE,RISK-003,RUNTIME_COUPLING_BLOCKER,MEDICAL_SOURCE_LICENSE_OR_PROVENANCE_UNCONFIRMED,fail_closed_no_knowledge_release;no_download;no_runtime_retrieval,metadata_inventory;path_reference_check;governance_review_request,content_read;approve;knowledge_release;runtime_enable;migrate;delete;live_store_access,UNASSIGNED,legal;knowledge-license-reviewer;architecture,fail_closed_until_review,written_owner_authorization;license_or_privacy_clearance;no_runtime_use_attestation,a6-5-a-quarantine-register.csv#Q-071,QUARANTINED_AT_PATH_LEVEL,Metadata-only quarantine; filesystem/DB not relocated
Q-072,DATA-KG005,diagnosis-engine-service/app/kg-reasoning-engine/path_injector.py,TRACKED_FILE,RISK-003,RUNTIME_COUPLING_BLOCKER,MEDICAL_SOURCE_LICENSE_OR_PROVENANCE_UNCONFIRMED,fail_closed_no_knowledge_release;no_download;no_runtime_retrieval,metadata_inventory;path_reference_check;governance_review_request,content_read;approve;knowledge_release;runtime_enable;migrate;delete;live_store_access,UNASSIGNED,legal;knowledge-license-reviewer;architecture,fail_closed_until_review,written_owner_authorization;license_or_privacy_clearance;no_runtime_use_attestation,a6-5-a-quarantine-register.csv#Q-072,QUARANTINED_AT_PATH_LEVEL,Metadata-only quarantine; filesystem/DB not relocated
Q-073,DATA-KG006,diagnosis-engine-service/app/kg-reasoning-engine/kg_reasoning_engine.py,TRACKED_FILE,RISK-003,RUNTIME_COUPLING_BLOCKER,MEDICAL_SOURCE_LICENSE_OR_PROVENANCE_UNCONFIRMED,fail_closed_no_knowledge_release;no_download;no_runtime_retrieval,metadata_inventory;path_reference_check;governance_review_request,content_read;approve;knowledge_release;runtime_enable;migrate;delete;live_store_access,UNASSIGNED,legal;knowledge-license-reviewer;architecture,fail_closed_until_review,written_owner_authorization;license_or_privacy_clearance;no_runtime_use_attestation,a6-5-a-quarantine-register.csv#Q-073,QUARANTINED_AT_PATH_LEVEL,Metadata-only quarantine; filesystem/DB not relocated
Q-074,WF-004,diagnosis-service/src/main/java/com/aidoctor/diagnosis/entity/CDP.java,TRACKED_FILE,RISK-001,PHI_CAPABLE_PATH,PHI_CAPABLE_OR_POTENTIAL_PATIENT_BEARING_PATH,path_level_no_content_read;no_live_store_access,metadata_inventory;path_reference_check;governance_review_request,content_read;approve;knowledge_release;runtime_enable;migrate;delete;live_store_access,UNASSIGNED,security;privacy;legal;clinical,fail_closed_until_review,written_owner_authorization;license_or_privacy_clearance;no_runtime_use_attestation,a6-5-a-quarantine-register.csv#Q-074,QUARANTINED_AT_PATH_LEVEL,Metadata-only quarantine; filesystem/DB not relocated
Q-075,WF-005,diagnosis-service/src/main/java/com/aidoctor/diagnosis/entity/CDPVersion.java,TRACKED_FILE,RISK-001,PHI_CAPABLE_PATH,PHI_CAPABLE_OR_POTENTIAL_PATIENT_BEARING_PATH,path_level_no_content_read;no_live_store_access,metadata_inventory;path_reference_check;governance_review_request,content_read;approve;knowledge_release;runtime_enable;migrate;delete;live_store_access,UNASSIGNED,security;privacy;legal;clinical,fail_closed_until_review,written_owner_authorization;license_or_privacy_clearance;no_runtime_use_attestation,a6-5-a-quarantine-register.csv#Q-075,QUARANTINED_AT_PATH_LEVEL,Metadata-only quarantine; filesystem/DB not relocated
Q-076,WF-006,diagnosis-service/src/main/java/com/aidoctor/diagnosis/entity/AgentState.java,TRACKED_FILE,RISK-001,PHI_CAPABLE_PATH,PHI_CAPABLE_OR_POTENTIAL_PATIENT_BEARING_PATH,path_level_no_content_read;no_live_store_access,metadata_inventory;path_reference_check;governance_review_request,content_read;approve;knowledge_release;runtime_enable;migrate;delete;live_store_access,UNASSIGNED,security;privacy;legal;clinical,fail_closed_until_review,written_owner_authorization;license_or_privacy_clearance;no_runtime_use_attestation,a6-5-a-quarantine-register.csv#Q-076,QUARANTINED_AT_PATH_LEVEL,Metadata-only quarantine; filesystem/DB not relocated
Q-077,WF-007,diagnosis-service/src/main/java/com/aidoctor/diagnosis/entity/AuditTrail.java,TRACKED_FILE,RISK-001,PHI_CAPABLE_PATH,PHI_CAPABLE_OR_POTENTIAL_PATIENT_BEARING_PATH,path_level_no_content_read;no_live_store_access,metadata_inventory;path_reference_check;governance_review_request,content_read;approve;knowledge_release;runtime_enable;migrate;delete;live_store_access,UNASSIGNED,security;privacy;legal;clinical,fail_closed_until_review,written_owner_authorization;license_or_privacy_clearance;no_runtime_use_attestation,a6-5-a-quarantine-register.csv#Q-077,QUARANTINED_AT_PATH_LEVEL,Metadata-only quarantine; filesystem/DB not relocated
Q-078,WF-008,diagnosis-service/src/main/java/com/aidoctor/diagnosis/service/cdp/CDPManager.java,TRACKED_FILE,RISK-001,PHI_CAPABLE_PATH,PHI_CAPABLE_OR_POTENTIAL_PATIENT_BEARING_PATH,path_level_no_content_read;no_live_store_access,metadata_inventory;path_reference_check;governance_review_request,content_read;approve;knowledge_release;runtime_enable;migrate;delete;live_store_access,UNASSIGNED,security;privacy;legal;clinical,fail_closed_until_review,written_owner_authorization;license_or_privacy_clearance;no_runtime_use_attestation,a6-5-a-quarantine-register.csv#Q-078,QUARANTINED_AT_PATH_LEVEL,Metadata-only quarantine; filesystem/DB not relocated
Q-079,WF-009,diagnosis-service/src/main/java/com/aidoctor/diagnosis/service/agent_state/AgentStateManager.java,TRACKED_FILE,RISK-001,PHI_CAPABLE_PATH,PHI_CAPABLE_OR_POTENTIAL_PATIENT_BEARING_PATH,path_level_no_content_read;no_live_store_access,metadata_inventory;path_reference_check;governance_review_request,content_read;approve;knowledge_release;runtime_enable;migrate;delete;live_store_access,UNASSIGNED,security;privacy;legal;clinical,fail_closed_until_review,written_owner_authorization;license_or_privacy_clearance;no_runtime_use_attestation,a6-5-a-quarantine-register.csv#Q-079,QUARANTINED_AT_PATH_LEVEL,Metadata-only quarantine; filesystem/DB not relocated
Q-080,WF-010,diagnosis-service/src/main/java/com/aidoctor/diagnosis/aspect/ExecutionTraceAspect.java,TRACKED_FILE,RISK-001,PHI_CAPABLE_PATH,PHI_CAPABLE_OR_POTENTIAL_PATIENT_BEARING_PATH,path_level_no_content_read;no_live_store_access,metadata_inventory;path_reference_check;governance_review_request,content_read;approve;knowledge_release;runtime_enable;migrate;delete;live_store_access,UNASSIGNED,security;privacy;legal;clinical,fail_closed_until_review,written_owner_authorization;license_or_privacy_clearance;no_runtime_use_attestation,a6-5-a-quarantine-register.csv#Q-080,QUARANTINED_AT_PATH_LEVEL,Metadata-only quarantine; filesystem/DB not relocated
Q-081,WF-011,diagnosis-service/src/main/java/com/aidoctor/diagnosis/annotation/TraceExecution.java,TRACKED_FILE,RISK-001,PHI_CAPABLE_PATH,PHI_CAPABLE_OR_POTENTIAL_PATIENT_BEARING_PATH,path_level_no_content_read;no_live_store_access,metadata_inventory;path_reference_check;governance_review_request,content_read;approve;knowledge_release;runtime_enable;migrate;delete;live_store_access,UNASSIGNED,security;privacy;legal;clinical,fail_closed_until_review,written_owner_authorization;license_or_privacy_clearance;no_runtime_use_attestation,a6-5-a-quarantine-register.csv#Q-081,QUARANTINED_AT_PATH_LEVEL,Metadata-only quarantine; filesystem/DB not relocated
Q-082,WF-012,diagnosis-service/src/main/java/com/aidoctor/diagnosis/config/FeignTraceInterceptor.java,TRACKED_FILE,RISK-001,PHI_CAPABLE_PATH,PHI_CAPABLE_OR_POTENTIAL_PATIENT_BEARING_PATH,path_level_no_content_read;no_live_store_access,metadata_inventory;path_reference_check;governance_review_request,content_read;approve;knowledge_release;runtime_enable;migrate;delete;live_store_access,UNASSIGNED,security;privacy;legal;clinical,fail_closed_until_review,written_owner_authorization;license_or_privacy_clearance;no_runtime_use_attestation,a6-5-a-quarantine-register.csv#Q-082,QUARANTINED_AT_PATH_LEVEL,Metadata-only quarantine; filesystem/DB not relocated
Q-083,WF-013,execution-trace-service/src/main/java/com/aidoctor/trace/entity/ExecutionTrace.java,TRACKED_FILE,RISK-001,PHI_CAPABLE_PATH,PHI_CAPABLE_OR_POTENTIAL_PATIENT_BEARING_PATH,path_level_no_content_read;no_live_store_access,metadata_inventory;path_reference_check;governance_review_request,content_read;approve;knowledge_release;runtime_enable;migrate;delete;live_store_access,UNASSIGNED,security;privacy;legal;clinical,fail_closed_until_review,written_owner_authorization;license_or_privacy_clearance;no_runtime_use_attestation,a6-5-a-quarantine-register.csv#Q-083,QUARANTINED_AT_PATH_LEVEL,Metadata-only quarantine; filesystem/DB not relocated
Q-084,ENG-006,common/aidoctor_trace/trace_decorator.py,TRACKED_FILE,RISK-001,PHI_CAPABLE_PATH,PHI_CAPABLE_OR_POTENTIAL_PATIENT_BEARING_PATH,path_level_no_content_read;no_live_store_access,metadata_inventory;path_reference_check;governance_review_request,content_read;approve;knowledge_release;runtime_enable;migrate;delete;live_store_access,UNASSIGNED,security;privacy;legal;clinical,fail_closed_until_review,written_owner_authorization;license_or_privacy_clearance;no_runtime_use_attestation,a6-5-a-quarantine-register.csv#Q-084,QUARANTINED_AT_PATH_LEVEL,Metadata-only quarantine; filesystem/DB not relocated
Q-085,ENG-007,common/aidoctor_logger/logger.py,TRACKED_FILE,RISK-001,PHI_CAPABLE_PATH,PHI_CAPABLE_OR_POTENTIAL_PATIENT_BEARING_PATH,path_level_no_content_read;no_live_store_access,metadata_inventory;path_reference_check;governance_review_request,content_read;approve;knowledge_release;runtime_enable;migrate;delete;live_store_access,UNASSIGNED,security;privacy;legal;clinical,fail_closed_until_review,written_owner_authorization;license_or_privacy_clearance;no_runtime_use_attestation,a6-5-a-quarantine-register.csv#Q-085,QUARANTINED_AT_PATH_LEVEL,Metadata-only quarantine; filesystem/DB not relocated
Q-086,PHI-001,diagnosis-service runtime DB entities CDP/DiagnosisRecord/etc,RUNTIME_PATH_ONLY,RISK-001,PHI_CAPABLE_PATH,PHI_CAPABLE_OR_POTENTIAL_PATIENT_BEARING_PATH,path_level_no_content_read;no_live_store_access,metadata_inventory;path_reference_check;governance_review_request,content_read;approve;knowledge_release;runtime_enable;migrate;delete;live_store_access,UNASSIGNED,security;privacy;legal;clinical,fail_closed_until_review,written_owner_authorization;license_or_privacy_clearance;no_runtime_use_attestation,a6-5-a-quarantine-register.csv#Q-086,QUARANTINED_AT_PATH_LEVEL,Metadata-only quarantine; filesystem/DB not relocated
Q-087,PHI-002,examination-service uploads/reports/{userId}/,RUNTIME_PATH_ONLY,RISK-001,PHI_CAPABLE_PATH,PHI_CAPABLE_OR_POTENTIAL_PATIENT_BEARING_PATH,path_level_no_content_read;no_live_store_access,metadata_inventory;path_reference_check;governance_review_request,content_read;approve;knowledge_release;runtime_enable;migrate;delete;live_store_access,UNASSIGNED,security;privacy;legal;clinical,fail_closed_until_review,written_owner_authorization;license_or_privacy_clearance;no_runtime_use_attestation,a6-5-a-quarantine-register.csv#Q-087,QUARANTINED_AT_PATH_LEVEL,Metadata-only quarantine; filesystem/DB not relocated
Q-088,PHI-003,dialog-service Redis key dialog:context:{cdp_id},RUNTIME_PATH_ONLY,RISK-001,PHI_CAPABLE_PATH,PHI_CAPABLE_OR_POTENTIAL_PATIENT_BEARING_PATH,path_level_no_content_read;no_live_store_access,metadata_inventory;path_reference_check;governance_review_request,content_read;approve;knowledge_release;runtime_enable;migrate;delete;live_store_access,UNASSIGNED,security;privacy;legal;clinical,fail_closed_until_review,written_owner_authorization;license_or_privacy_clearance;no_runtime_use_attestation,a6-5-a-quarantine-register.csv#Q-088,QUARANTINED_AT_PATH_LEVEL,Metadata-only quarantine; filesystem/DB not relocated
Q-089,PHI-004,ocr-service input/output buffers,RUNTIME_PATH_ONLY,RISK-001,PHI_CAPABLE_PATH,PHI_CAPABLE_OR_POTENTIAL_PATIENT_BEARING_PATH,path_level_no_content_read;no_live_store_access,metadata_inventory;path_reference_check;governance_review_request,content_read;approve;knowledge_release;runtime_enable;migrate;delete;live_store_access,UNASSIGNED,security;privacy;legal;clinical,fail_closed_until_review,written_owner_authorization;license_or_privacy_clearance;no_runtime_use_attestation,a6-5-a-quarantine-register.csv#Q-089,QUARANTINED_AT_PATH_LEVEL,Metadata-only quarantine; filesystem/DB not relocated
Q-090,PHI-005,execution-trace-service ExecutionTrace store,RUNTIME_PATH_ONLY,RISK-001,PHI_CAPABLE_PATH,PHI_CAPABLE_OR_POTENTIAL_PATIENT_BEARING_PATH,path_level_no_content_read;no_live_store_access,metadata_inventory;path_reference_check;governance_review_request,content_read;approve;knowledge_release;runtime_enable;migrate;delete;live_store_access,UNASSIGNED,security;privacy;legal;clinical,fail_closed_until_review,written_owner_authorization;license_or_privacy_clearance;no_runtime_use_attestation,a6-5-a-quarantine-register.csv#Q-090,QUARANTINED_AT_PATH_LEVEL,Metadata-only quarantine; filesystem/DB not relocated
Q-091,PHI-006,frontend/src/components/cdp-visualization/,TRACKED_DIRECTORY_SUMMARY,RISK-001,PHI_CAPABLE_PATH,PHI_CAPABLE_OR_POTENTIAL_PATIENT_BEARING_PATH,path_level_no_content_read;no_live_store_access,metadata_inventory;path_reference_check;governance_review_request,content_read;approve;knowledge_release;runtime_enable;migrate;delete;live_store_access,UNASSIGNED,security;privacy;legal;clinical,fail_closed_until_review,written_owner_authorization;license_or_privacy_clearance;no_runtime_use_attestation,a6-5-a-quarantine-register.csv#Q-091,QUARANTINED_AT_PATH_LEVEL,Metadata-only quarantine; filesystem/DB not relocated
