finding_id,severity,category,file,line_or_path,finding,evidence,action,resolution,evidence_level,merge_blocking
A6-IR-001,P0,lifecycle-bypass,capabilities/validator/validate_capability.py,/lifecycle+/hypotheses,ACTIVE was accepted with empty hypotheses when pack review_status was APPROVED,Independent probe ACTIVE_empty_hypotheses_APPROVED returned 0 issues before fix,fix validator gate and add negative test,FIXED empty Hypothesis Pack cannot enter ACTIVE or production ELIGIBLE,TEST_VERIFIED,true
A6-IR-002,P0,lifecycle-bypass,capabilities/validator/validate_capability.py,/lifecycle+/knowledge,ACTIVE was accepted with zero knowledge sources when pack review_status was APPROVED,Independent probe with APPROVED knowledge and sources=[] returned no knowledge ACTIVE gate before fix,fix validator gate and add negative test,FIXED empty knowledge sources cannot enter ACTIVE or production ELIGIBLE,TEST_VERIFIED,true
A6-IR-003,P1,runtime-gate,capabilities/validator/validate_capability.py,/runtime_adoption,runtime_adoption ENABLED was accepted with all runtime allowlists empty outside DRAFT,Probe CLINICAL_REVIEW_runtime_ENABLED_empty_allowlists returned 0 issues before fix,fix validator gate and add negative test,FIXED ENABLED requires non-empty runtime allowlist references,TEST_VERIFIED,true
A6-IR-004,P1,lifecycle-gate,capabilities/validator/validate_capability.py,/clinical_review_status,clinical_review_status APPROVED was accepted with owner_status UNASSIGNED,Probe CLINICAL_REVIEW_clinical_APPROVED_owner_UNASSIGNED returned 0 issues before fix,fix validator gate and add negative test,FIXED clinical APPROVED requires assigned owner,TEST_VERIFIED,true
A6-IR-005,P1,test-coverage,capabilities/tests/test_capability.py,missing negative cases,Existing suite did not cover the four bypasses above so 37 passed did not prove those gates,Coverage review of test_capability.py before remediation,Add six targeted negative tests,FIXED suite now collects 43 tests including the new gates,TEST_VERIFIED,true
A6-IR-006,P2,path-inventory,capabilities/validator/validate_capability.py,package directory scan,Validator does not fail on unexpected extra files under the package root,Independent inventory found no extras today but no bidirectional unexpected-file gate exists,Record only; optional future hardening,DEFERRED no current extra files and no security escape shown,CODE_CONFIRMED,false
A6-IR-007,P2,evidence-wording,docs/refactoring/evidence/phase-a/a6/capability-package-skeleton-report.md,implementation commit wording,Report uses implementation commit rather than branch tip SHA which can confuse reviewers,Compared report text with PR #8 head fbab53f,Clarify in independent review report,ACCEPTED with clarification in this review report,DOCUMENTED,false
A6-IR-008,P2,test-quality,capabilities/tests/test_capability.py,test_negative_missing_required_file,Missing-file test mutates in-memory documents rather than deleting a real package file,Code review of test helper path,Record only; completeness gate still covered,DEFERRED completeness validator remains enforced,CODE_CONFIRMED,false
NO_BLOCKING_FINDING,INFO,summary,docs/refactoring/evidence/phase-a/a6/a6-independent-review-report.md,post-remediation,After remediation no unresolved P0 or P1 remains inside A6 skeleton scope,Clean venv pip check validator and 43 pytest plus independent checksum,Keep PR Draft; do not claim clinical or runtime readiness,OPEN for review merge into A6 branch only,PARTIALLY_VALIDATED,false
